class_0_acc,class_1_acc,class_2_acc,class_3_acc,epoch,step,test_acc,test_loss,train_acc_epoch,train_loss_epoch,val_acc,val_loss
,,,,0,1,,,,,0.19540229439735413,1.3876055479049683
,,,,0,1,,,0.24078623950481415,1.3977153301239014,,
,,,,1,3,,,,,0.19540229439735413,1.3865278959274292
,,,,1,3,,,0.24078623950481415,1.3861050605773926,,
,,,,2,5,,,,,0.19540229439735413,1.3852202892303467
,,,,2,5,,,0.24078623950481415,1.378645896911621,,
,,,,3,7,,,,,0.19540229439735413,1.3826441764831543
,,,,3,7,,,0.24078623950481415,1.372532844543457,,
,,,,4,9,,,,,0.3735632300376892,1.3789286613464355
,,,,4,9,,,0.2800982892513275,1.366263747215271,,
,,,,5,11,,,,,0.35057470202445984,1.374096393585205
,,,,5,11,,,0.35257986187934875,1.3591785430908203,,
,,,,6,13,,,,,0.36206895112991333,1.3676925897598267
,,,,6,13,,,0.3624078631401062,1.3515480756759644,,
,,,,7,15,,,,,0.3333333432674408,1.3594788312911987
,,,,7,15,,,0.34766584634780884,1.3426474332809448,,
,,,,8,17,,,,,0.29885056614875793,1.350204348564148
,,,,8,17,,,0.32678133249282837,1.3326226472854614,,
,,,,9,19,,,,,0.3103448152542114,1.3397469520568848
,,,,9,19,,,0.3501228392124176,1.3208973407745361,,
,,,,10,21,,,,,0.4137931168079376,1.329624891281128
,,,,10,21,,,0.3452088534832001,1.307419776916504,,
,,,,11,23,,,,,0.44252872467041016,1.317295789718628
,,,,11,23,,,0.3685503602027893,1.2953153848648071,,
,,,,12,25,,,,,0.4482758641242981,1.3028017282485962
,,,,12,25,,,0.3918918967247009,1.2797303199768066,,
,,,,13,27,,,,,0.4367816150188446,1.287246823310852
,,,,13,27,,,0.386977881193161,1.264539361000061,,
,,,,14,29,,,,,0.4655172526836395,1.2707329988479614
,,,,14,29,,,0.42137593030929565,1.249228835105896,,
,,,,15,31,,,,,0.48275861144065857,1.2543587684631348
,,,,15,31,,,0.4312039315700531,1.2335848808288574,,
,,,,16,33,,,,,0.4885057508945465,1.2367154359817505
,,,,16,33,,,0.4434889554977417,1.2195961475372314,,
,,,,17,35,,,,,0.49425286054611206,1.222568154335022
,,,,17,35,,,0.4508599638938904,1.204668402671814,,
,,,,18,37,,,,,0.5,1.2081544399261475
,,,,18,37,,,0.44103193283081055,1.1924678087234497,,
,,,,19,39,,,,,0.4655172526836395,1.1962809562683105
,,,,19,39,,,0.4619164764881134,1.1826608180999756,,
,,,,20,41,,,,,0.45402297377586365,1.1864571571350098
,,,,20,41,,,0.4606879651546478,1.1691020727157593,,
,,,,21,43,,,,,0.4655172526836395,1.175633192062378
,,,,21,43,,,0.47911548614501953,1.1571996212005615,,
,,,,22,45,,,,,0.4597701132297516,1.166698932647705
,,,,22,45,,,0.4422604441642761,1.1487762928009033,,
,,,,23,47,,,,,0.4482758641242981,1.1601808071136475
,,,,23,47,,,0.4508599638938904,1.1384505033493042,,
,,,,24,49,,,,,0.4655172526836395,1.1538562774658203
,,,,24,49,,,0.45945945382118225,1.1279033422470093,,
,,,,25,51,,,,,0.522988498210907,1.1431485414505005
,,,,25,51,,,0.45945945382118225,1.1242480278015137,,
,,,,26,53,,,,,0.477011501789093,1.1424981355667114
,,,,26,53,,,0.4705159664154053,1.1106613874435425,,
,,,,27,55,,,,,0.44252872467041016,1.1427671909332275
,,,,27,55,,,0.5049139857292175,1.099396824836731,,
,,,,28,57,,,,,0.4655172526836395,1.1334691047668457
,,,,28,57,,,0.5208845138549805,1.086216688156128,,
,,,,29,59,,,,,0.49425286054611206,1.1196001768112183
,,,,29,59,,,0.5061424970626831,1.0811190605163574,,
,,,,30,61,,,,,0.5344827771186829,1.1202269792556763
,,,,30,61,,,0.4815724790096283,1.0715453624725342,,
,,,,31,63,,,,,0.5114942789077759,1.122056245803833
,,,,31,63,,,0.5012285113334656,1.0617676973342896,,
,,,,32,65,,,,,0.5,1.126559853553772
,,,,32,65,,,0.5122849941253662,1.064854383468628,,
,,,,33,67,,,,,0.540229856967926,1.1100295782089233
,,,,33,67,,,0.5196560025215149,1.0386403799057007,,
,,,,34,69,,,,,0.568965494632721,1.0920876264572144
,,,,34,69,,,0.5085995197296143,1.0410021543502808,,
,,,,35,71,,,,,0.5344827771186829,1.0796926021575928
,,,,35,71,,,0.5196560025215149,1.0203262567520142,,
,,,,36,73,,,,,0.540229856967926,1.06038236618042
,,,,36,73,,,0.5368550419807434,1.0208994150161743,,
,,,,37,75,,,,,0.568965494632721,1.0576870441436768
,,,,37,75,,,0.560196578502655,1.0033129453659058,,
,,,,38,77,,,,,0.5574712753295898,1.0547358989715576
,,,,38,77,,,0.5147420167922974,1.004181981086731,,
,,,,39,79,,,,,0.5344827771186829,1.0514923334121704
,,,,39,79,,,0.5577395558357239,0.9912248849868774,,
,,,,40,81,,,,,0.5632184147834778,1.0517367124557495
,,,,40,81,,,0.5786240696907043,0.9935410022735596,,
,,,,41,83,,,,,0.5574712753295898,1.0456266403198242
,,,,41,83,,,0.5737100839614868,0.983791708946228,,
,,,,42,85,,,,,0.5287356376647949,1.0480682849884033
,,,,42,85,,,0.560196578502655,0.9724454283714294,,
,,,,43,87,,,,,0.545976996421814,1.0339380502700806
,,,,43,87,,,0.5700245499610901,0.9666303992271423,,
,,,,44,89,,,,,0.5114942789077759,1.0399597883224487
,,,,44,89,,,0.5749385952949524,0.9770686030387878,,
,,,,45,91,,,,,0.5574712753295898,1.0250228643417358
,,,,45,91,,,0.5749385952949524,0.9756395220756531,,
,,,,46,93,,,,,0.545976996421814,1.0161586999893188
,,,,46,93,,,0.5970516204833984,0.9631252884864807,,
,,,,47,95,,,,,0.540229856967926,1.0119197368621826
,,,,47,95,,,0.5798525810241699,0.9459472298622131,,
,,,,48,97,,,,,0.545976996421814,1.0169777870178223
,,,,48,97,,,0.5995085835456848,0.9475752115249634,,
,,,,49,99,,,,,0.540229856967926,1.0165566205978394
,,,,49,99,,,0.6117936372756958,0.9372588396072388,,
,,,,50,101,,,,,0.540229856967926,1.017739176750183
,,,,50,101,,,0.6130220890045166,0.9363690614700317,,
,,,,51,103,,,,,0.5344827771186829,1.0145009756088257
,,,,51,103,,,0.6154791116714478,0.9298811554908752,,
,,,,52,105,,,,,0.545976996421814,1.0104318857192993
,,,,52,105,,,0.6228501200675964,0.9308597445487976,,
,,,,53,107,,,,,0.5574712753295898,0.9980126619338989
,,,,53,107,,,0.6425061225891113,0.9135957360267639,,
,,,,54,109,,,,,0.545976996421814,0.9877377152442932
,,,,54,109,,,0.6351351141929626,0.9043123126029968,,
,,,,55,111,,,,,0.5287356376647949,1.001266360282898
,,,,55,111,,,0.6081081032752991,0.9363356232643127,,
,,,,56,113,,,,,0.545976996421814,0.9960609674453735
,,,,56,113,,,0.5896806120872498,0.9197096824645996,,
,,,,57,115,,,,,0.5114942789077759,0.9851576089859009
,,,,57,115,,,0.6314496397972107,0.8916652798652649,,
,,,,58,117,,,,,0.5057471394538879,0.9776395559310913
,,,,58,117,,,0.5995085835456848,0.8949223756790161,,
,,,,59,119,,,,,0.5287356376647949,0.9782798886299133
,,,,59,119,,,0.6646191477775574,0.8773353099822998,,
,,,,60,121,,,,,0.5344827771186829,0.9737511873245239
,,,,60,121,,,0.6167076230049133,0.877712607383728,,
,,,,61,123,,,,,0.5632184147834778,0.9754490256309509
,,,,61,123,,,0.627764105796814,0.8763255476951599,,
,,,,62,125,,,,,0.5632184147834778,0.9620007872581482
,,,,62,125,,,0.6486486196517944,0.8639363646507263,,
,,,,63,127,,,,,0.5574712753295898,0.9555623531341553
,,,,63,127,,,0.64987713098526,0.8641046285629272,,
,,,,64,129,,,,,0.517241358757019,0.9807844758033752
,,,,64,129,,,0.6425061225891113,0.857566237449646,,
,,,,65,131,,,,,0.5114942789077759,0.9850853085517883
,,,,65,131,,,0.6314496397972107,0.8572494387626648,,
,,,,66,133,,,,,0.5344827771186829,0.9719743132591248
,,,,66,133,,,0.6302211284637451,0.8414180874824524,,
,,,,67,135,,,,,0.522988498210907,0.9716352224349976
,,,,67,135,,,0.6375921368598938,0.8520939946174622,,
,,,,68,137,,,,,0.5114942789077759,0.9620294570922852
,,,,68,137,,,0.6388206481933594,0.8590421080589294,,
,,,,69,139,,,,,0.545976996421814,0.9367905259132385
,,,,69,139,,,0.6363636255264282,0.8478700518608093,,
,,,,70,141,,,,,0.6149425506591797,0.9168055057525635
,,,,70,141,,,0.6486486196517944,0.8356257081031799,,
,,,,71,143,,,,,0.6091954112052917,0.9129852652549744
,,,,71,143,,,0.6781326532363892,0.8255045413970947,,
,,,,72,145,,,,,0.6034482717514038,0.9177199006080627
,,,,72,145,,,0.684275209903717,0.8242710828781128,,
,,,,73,147,,,,,0.6149425506591797,0.9163693785667419
,,,,73,147,,,0.6683046817779541,0.8198352456092834,,
,,,,74,149,,,,,0.6091954112052917,0.9134930372238159
,,,,74,149,,,0.6535626649856567,0.8267759084701538,,
,,,,75,151,,,,,0.6551724076271057,0.8986629843711853
,,,,75,151,,,0.6572481393814087,0.8162696361541748,,
,,,,76,153,,,,,0.6264367699623108,0.8871608972549438
,,,,76,153,,,0.665847659111023,0.8227683901786804,,
,,,,77,155,,,,,0.6206896305084229,0.8867896199226379
,,,,77,155,,,0.6732186675071716,0.8007980585098267,,
,,,,78,157,,,,,0.6206896305084229,0.8935685157775879
,,,,78,157,,,0.6646191477775574,0.8130655288696289,,
,,,,79,159,,,,,0.6149425506591797,0.8765868544578552
,,,,79,159,,,0.6609336733818054,0.800864040851593,,
,,,,80,161,,,,,0.6379310488700867,0.879717230796814
,,,,80,161,,,0.6695331931114197,0.8144696950912476,,
,,,,81,163,,,,,0.6896551847457886,0.8845179677009583
,,,,81,163,,,0.6904177069664001,0.7991719245910645,,
,,,,82,165,,,,,0.6379310488700867,0.9046257138252258
,,,,82,165,,,0.710073709487915,0.7892553806304932,,
,,,,83,167,,,,,0.5977011322975159,0.8964284062385559
,,,,83,167,,,0.7076166868209839,0.7806015610694885,,
,,,,84,169,,,,,0.6379310488700867,0.8805254101753235
,,,,84,169,,,0.6818181872367859,0.779443085193634,,
,,,,85,171,,,,,0.6724137663841248,0.8923219442367554
,,,,85,171,,,0.6818181872367859,0.7740663886070251,,
,,,,86,173,,,,,0.6264367699623108,0.8989538550376892
,,,,86,173,,,0.710073709487915,0.764864444732666,,
,,,,87,175,,,,,0.6206896305084229,0.8764967918395996
,,,,87,175,,,0.7014741897583008,0.7658734917640686,,
,,,,88,177,,,,,0.6321839094161987,0.8508809208869934
,,,,88,177,,,0.6916462182998657,0.771377444267273,,
,,,,89,179,,,,,0.6436781883239746,0.8456160426139832
,,,,89,179,,,0.6904177069664001,0.7595198154449463,,
,,,,90,181,,,,,0.6264367699623108,0.8460899591445923
,,,,90,181,,,0.6744471788406372,0.7625741362571716,,
,,,,91,183,,,,,0.6264367699623108,0.8616089224815369
,,,,91,183,,,0.687960684299469,0.7748149037361145,,
,,,,92,185,,,,,0.6379310488700867,0.8536797165870667
,,,,92,185,,,0.6805896759033203,0.7663061618804932,,
,,,,93,187,,,,,0.6091954112052917,0.879395067691803
,,,,93,187,,,0.6781326532363892,0.761780858039856,,
,,,,94,189,,,,,0.6609195470809937,0.8549531102180481
,,,,94,189,,,0.6646191477775574,0.7533825635910034,,
,,,,95,191,,,,,0.6609195470809937,0.832956075668335
,,,,95,191,,,0.6977887153625488,0.7358261346817017,,
,,,,96,193,,,,,0.6494252681732178,0.8221942186355591
,,,,96,193,,,0.6904177069664001,0.7511652112007141,,
,,,,97,195,,,,,0.6666666865348816,0.8332812190055847
,,,,97,195,,,0.6977887153625488,0.7359127402305603,,
,,,,98,197,,,,,0.6551724076271057,0.8249128460884094
,,,,98,197,,,0.7014741897583008,0.7525623440742493,,
,,,,99,199,,,,,0.6609195470809937,0.8123697638511658
,,,,99,199,,,0.7002456784248352,0.729551374912262,,
,,,,100,201,,,,,0.6724137663841248,0.8235495686531067
,,,,100,201,,,0.7149876952171326,0.7291585206985474,,
,,,,101,203,,,,,0.6609195470809937,0.8263979554176331
,,,,101,203,,,0.7076166868209839,0.7235949635505676,,
,,,,102,205,,,,,0.6551724076271057,0.817609965801239
,,,,102,205,,,0.7039312124252319,0.7175877690315247,,
,,,,103,207,,,,,0.6839080452919006,0.8059945106506348
,,,,103,207,,,0.7113022208213806,0.7178192734718323,,
,,,,104,209,,,,,0.6954023241996765,0.7966428995132446
,,,,104,209,,,0.7223587036132812,0.7089451551437378,,
,,,,105,211,,,,,0.6896551847457886,0.7984852194786072
,,,,105,211,,,0.6953316926956177,0.7252882719039917,,
,,,,106,213,,,,,0.6781609058380127,0.8148435354232788
,,,,106,213,,,0.7076166868209839,0.7183637022972107,,
,,,,107,215,,,,,0.6551724076271057,0.8149702548980713
,,,,107,215,,,0.7014741897583008,0.7137268781661987,,
,,,,108,217,,,,,0.6839080452919006,0.8164704442024231
,,,,108,217,,,0.7162162065505981,0.7057361602783203,,
,,,,109,219,,,,,0.6954023241996765,0.8087186217308044
,,,,109,219,,,0.6916462182998657,0.716100811958313,,
,,,,110,221,,,,,0.6839080452919006,0.7983815670013428
,,,,110,221,,,0.7137592434883118,0.7103266716003418,,
,,,,111,223,,,,,0.6781609058380127,0.8134874105453491
,,,,111,223,,,0.7088451981544495,0.7117051482200623,,
,,,,112,225,,,,,0.6781609058380127,0.808903157711029
,,,,112,225,,,0.7014741897583008,0.7082580924034119,,
,,,,113,227,,,,,0.6551724076271057,0.7994849681854248
,,,,113,227,,,0.6928746700286865,0.693199634552002,,
,,,,114,229,,,,,0.6609195470809937,0.802586019039154
,,,,114,229,,,0.7076166868209839,0.6997441649436951,,
,,,,115,231,,,,,0.6091954112052917,0.8421076536178589
,,,,115,231,,,0.6953316926956177,0.6929384469985962,,
,,,,116,233,,,,,0.6551724076271057,0.8303384184837341
,,,,116,233,,,0.7211301922798157,0.6991269588470459,,
,,,,117,235,,,,,0.6379310488700867,0.7945683002471924
,,,,117,235,,,0.687960684299469,0.712619960308075,,
,,,,118,237,,,,,0.6609195470809937,0.7856266498565674
,,,,118,237,,,0.6965602040290833,0.7085752487182617,,
,,,,119,239,,,,,0.6896551847457886,0.7938916683197021
,,,,119,239,,,0.7063882350921631,0.7001276612281799,,
,,,,120,241,,,,,0.7183908224105835,0.7939267158508301
,,,,120,241,,,0.6977887153625488,0.6957038044929504,,
,,,,121,243,,,,,0.6781609058380127,0.8059187531471252
,,,,121,243,,,0.7211301922798157,0.7004267573356628,,
,,,,122,245,,,,,0.6724137663841248,0.8068339228630066
,,,,122,245,,,0.7137592434883118,0.6965903639793396,,
,,,,123,247,,,,,0.6896551847457886,0.7994719743728638
,,,,123,247,,,0.7432432174682617,0.6783978343009949,,
,,,,124,249,,,,,0.6781609058380127,0.7861959338188171
,,,,124,249,,,0.7174447178840637,0.6832234263420105,,
,,,,125,251,,,,,0.6609195470809937,0.7904743552207947
,,,,125,251,,,0.710073709487915,0.6816955804824829,,
,,,,126,253,,,,,0.6609195470809937,0.7889713048934937
,,,,126,253,,,0.687960684299469,0.6848971843719482,,
,,,,127,255,,,,,0.6551724076271057,0.7941566705703735
,,,,127,255,,,0.6965602040290833,0.6835042238235474,,
,,,,128,257,,,,,0.6609195470809937,0.799624502658844
,,,,128,257,,,0.710073709487915,0.7060718536376953,,
,,,,129,259,,,,,0.6954023241996765,0.7814618945121765
,,,,129,259,,,0.7321867346763611,0.6962788701057434,,
,,,,130,261,,,,,0.6724137663841248,0.773521363735199
,,,,130,261,,,0.7297297120094299,0.6785767078399658,,
,,,,131,263,,,,,0.6666666865348816,0.7629380226135254
,,,,131,263,,,0.7014741897583008,0.6870332956314087,,
,,,,132,265,,,,,0.6724137663841248,0.7624386548995972
,,,,132,265,,,0.7137592434883118,0.6893581748008728,,
,,,,133,267,,,,,0.6839080452919006,0.7538173198699951
,,,,133,267,,,0.7125307321548462,0.6924663186073303,,
,,,,134,269,,,,,0.6494252681732178,0.7926274538040161
,,,,134,269,,,0.7235872149467468,0.662651538848877,,
,,,,135,271,,,,,0.6436781883239746,0.8142768740653992
,,,,135,271,,,0.7162162065505981,0.6805003881454468,,
,,,,136,273,,,,,0.6724137663841248,0.7826102375984192
,,,,136,273,,,0.7223587036132812,0.6847981214523315,,
,,,,137,275,,,,,0.6896551847457886,0.7800526022911072
,,,,137,275,,,0.726044237613678,0.6755786538124084,,
,,,,138,277,,,,,0.6781609058380127,0.7630788683891296
,,,,138,277,,,0.735872209072113,0.6768862009048462,,
,,,,139,279,,,,,0.6781609058380127,0.7499330043792725
,,,,139,279,,,0.7420147657394409,0.6530893445014954,,
,,,,140,281,,,,,0.6666666865348816,0.740761399269104
,,,,140,281,,,0.7309582233428955,0.6613917946815491,,
,,,,141,283,,,,,0.6609195470809937,0.751270592212677
,,,,141,283,,,0.7248157262802124,0.6561435461044312,,
,,,,142,285,,,,,0.6724137663841248,0.7465056777000427
,,,,142,285,,,0.7371007204055786,0.6599847674369812,,
,,,,143,287,,,,,0.7183908224105835,0.7488040328025818
,,,,143,287,,,0.7199017405509949,0.6656674742698669,,
,,,,144,289,,,,,0.6954023241996765,0.7556412816047668
,,,,144,289,,,0.726044237613678,0.6621139645576477,,
,,,,145,291,,,,,0.568965494632721,0.8007477521896362
,,,,145,291,,,0.7186732292175293,0.6659232378005981,,
,,,,146,293,,,,,0.6954023241996765,0.7715900540351868
,,,,146,293,,,0.7334152460098267,0.6547436118125916,,
,,,,147,295,,,,,0.6724137663841248,0.7729799151420593
,,,,147,295,,,0.7285012006759644,0.6741530299186707,,
,,,,148,297,,,,,0.6724137663841248,0.7571090459823608
,,,,148,297,,,0.7223587036132812,0.6528966426849365,,
,,,,149,299,,,,,0.7011494040489197,0.7659801840782166
,,,,149,299,,,0.7321867346763611,0.6489289999008179,,
,,,,150,301,,,,,0.6781609058380127,0.7432144284248352
,,,,150,301,,,0.7383292317390442,0.6499659419059753,,
,,,,151,303,,,,,0.6724137663841248,0.7685610055923462
,,,,151,303,,,0.7395577430725098,0.6626377105712891,,
,,,,152,305,,,,,0.6264367699623108,0.783268392086029
,,,,152,305,,,0.710073709487915,0.6592718958854675,,
,,,,153,307,,,,,0.6494252681732178,0.7754814624786377
,,,,153,307,,,0.7149876952171326,0.6606763005256653,,
,,,,154,309,,,,,0.6379310488700867,0.7890034914016724
,,,,154,309,,,0.7088451981544495,0.6569686532020569,,
,,,,155,311,,,,,0.6839080452919006,0.7665686011314392
,,,,155,311,,,0.7186732292175293,0.6715256571769714,,
,,,,156,313,,,,,0.6839080452919006,0.7590649724006653
,,,,156,313,,,0.726044237613678,0.6474027633666992,,
,,,,157,315,,,,,0.7068965435028076,0.748548686504364
,,,,157,315,,,0.7432432174682617,0.649337649345398,,
,,,,158,317,,,,,0.6896551847457886,0.7403147220611572
,,,,158,317,,,0.7137592434883118,0.6709993481636047,,
,,,,159,319,,,,,0.6724137663841248,0.7655448317527771
,,,,159,319,,,0.7530712485313416,0.6432723999023438,,
,,,,160,321,,,,,0.6666666865348816,0.7596214413642883
,,,,160,321,,,0.7113022208213806,0.6525369882583618,,
,,,,161,323,,,,,0.5977011322975159,0.7721859216690063
,,,,161,323,,,0.7395577430725098,0.6347010731697083,,
,,,,162,325,,,,,0.6781609058380127,0.7483909726142883
,,,,162,325,,,0.735872209072113,0.6291079521179199,,
,,,,163,327,,,,,0.7126436829566956,0.739755392074585
,,,,163,327,,,0.7199017405509949,0.6411216259002686,,
,,,,164,329,,,,,0.6954023241996765,0.745818018913269
,,,,164,329,,,0.7223587036132812,0.6503706574440002,,
,,,,165,331,,,,,0.6954023241996765,0.7683447599411011
,,,,165,331,,,0.7137592434883118,0.6450610756874084,,
,,,,166,333,,,,,0.6954023241996765,0.7574961185455322
,,,,166,333,,,0.7493857741355896,0.6314860582351685,,
,,,,167,335,,,,,0.7011494040489197,0.7444800138473511
,,,,167,335,,,0.7604422569274902,0.6184849739074707,,
,,,,168,337,,,,,0.7011494040489197,0.7405686378479004
,,,,168,337,,,0.7383292317390442,0.6310768127441406,,
,,,,169,339,,,,,0.6379310488700867,0.7612075209617615
,,,,169,339,,,0.7285012006759644,0.6173032522201538,,
,,,,170,341,,,,,0.5747126340866089,0.7875684499740601
,,,,170,341,,,0.6769042015075684,0.6574181318283081,,
,,,,171,343,,,,,0.6609195470809937,0.7388784289360046
,,,,171,343,,,0.7088451981544495,0.6580296754837036,,
,,,,172,345,,,,,0.6896551847457886,0.7740119099617004
,,,,172,345,,,0.7457002401351929,0.64491868019104,,
,,,,173,347,,,,,0.7068965435028076,0.7409214377403259
,,,,173,347,,,0.7186732292175293,0.6397289633750916,,
,,,,174,349,,,,,0.7068965435028076,0.7376338839530945
,,,,174,349,,,0.7407862544059753,0.6201582551002502,,
,,,,175,351,,,,,0.6781609058380127,0.7403355836868286
,,,,175,351,,,0.7407862544059753,0.6315646767616272,,
,,,,176,353,,,,,0.6839080452919006,0.7410206198692322
,,,,176,353,,,0.7444717288017273,0.6324370503425598,,
,,,,177,355,,,,,0.7068965435028076,0.7503048181533813
,,,,177,355,,,0.7592137455940247,0.6263198852539062,,
,,,,178,357,,,,,0.6091954112052917,0.7978167533874512
,,,,178,357,,,0.7432432174682617,0.6392827033996582,,
,,,,179,359,,,,,0.6781609058380127,0.7878963351249695
,,,,179,359,,,0.751842737197876,0.6268723607063293,,
,,,,180,361,,,,,0.6436781883239746,0.7988337278366089
,,,,180,361,,,0.7530712485313416,0.6163320541381836,,
,,,,181,363,,,,,0.5862069129943848,0.7755031585693359
,,,,181,363,,,0.7469287514686584,0.6239016056060791,,
,,,,182,365,,,,,0.6954023241996765,0.7466521263122559
,,,,182,365,,,0.7334152460098267,0.6317851543426514,,
,,,,183,367,,,,,0.6954023241996765,0.7243444323539734
,,,,183,367,,,0.7285012006759644,0.6277825236320496,,
,,,,184,369,,,,,0.6954023241996765,0.7217801213264465
,,,,184,369,,,0.7346437573432922,0.6236086487770081,,
,,,,185,371,,,,,0.6839080452919006,0.7309449911117554
,,,,185,371,,,0.6941031813621521,0.6574837565422058,,
,,,,186,373,,,,,0.6954023241996765,0.7246882915496826
,,,,186,373,,,0.7186732292175293,0.6483815908432007,,
,,,,187,375,,,,,0.6494252681732178,0.7587196230888367
,,,,187,375,,,0.7186732292175293,0.6293675303459167,,
,,,,188,377,,,,,0.6896551847457886,0.7308242321014404
,,,,188,377,,,0.7199017405509949,0.6326082348823547,,
,,,,189,379,,,,,0.6609195470809937,0.7304925918579102
,,,,189,379,,,0.7113022208213806,0.6126196384429932,,
,,,,190,381,,,,,0.6781609058380127,0.7150728702545166
,,,,190,381,,,0.7248157262802124,0.6268187761306763,,
,,,,191,383,,,,,0.6551724076271057,0.7254109382629395
,,,,191,383,,,0.7383292317390442,0.6214709877967834,,
,,,,192,385,,,,,0.6896551847457886,0.7289146184921265
,,,,192,385,,,0.7272727489471436,0.6245010495185852,,
,,,,193,387,,,,,0.6896551847457886,0.7143768072128296
,,,,193,387,,,0.7088451981544495,0.6404111385345459,,
,,,,194,389,,,,,0.6839080452919006,0.7315975427627563
,,,,194,389,,,0.7542997598648071,0.6150032877922058,,
,,,,195,391,,,,,0.6839080452919006,0.7262575030326843
,,,,195,391,,,0.748157262802124,0.6229389309883118,,
,,,,196,393,,,,,0.6666666865348816,0.7443544268608093
,,,,196,393,,,0.7469287514686584,0.6337252259254456,,
,,,,197,395,,,,,0.6609195470809937,0.7380975484848022
,,,,197,395,,,0.7530712485313416,0.608231246471405,,
,,,,198,397,,,,,0.6724137663841248,0.7160074710845947
,,,,198,397,,,0.7334152460098267,0.6175374984741211,,
,,,,199,399,,,,,0.6609195470809937,0.7536734938621521
,,,,199,399,,,0.7665847539901733,0.6016197204589844,,
,,,,200,401,,,,,0.6724137663841248,0.7669313549995422
,,,,200,401,,,0.7321867346763611,0.628978967666626,,
,,,,201,403,,,,,0.6781609058380127,0.7337399125099182
,,,,201,403,,,0.7407862544059753,0.6503892540931702,,
,,,,202,405,,,,,0.7126436829566956,0.7205039262771606
,,,,202,405,,,0.7653562426567078,0.6097890734672546,,
,,,,203,407,,,,,0.7068965435028076,0.712018609046936
,,,,203,407,,,0.7248157262802124,0.6230316758155823,,
,,,,204,409,,,,,0.7298850417137146,0.7223736047744751
,,,,204,409,,,0.7420147657394409,0.6114073991775513,,
,,,,205,411,,,,,0.6896551847457886,0.7249156832695007
,,,,205,411,,,0.7592137455940247,0.6040202975273132,,
,,,,206,413,,,,,0.6609195470809937,0.7439699769020081
,,,,206,413,,,0.7371007204055786,0.6219332814216614,,
,,,,207,415,,,,,0.6896551847457886,0.7271211743354797
,,,,207,415,,,0.7174447178840637,0.645047128200531,,
,,,,208,417,,,,,0.7298850417137146,0.7168188691139221
,,,,208,417,,,0.7432432174682617,0.6148974299430847,,
,,,,209,419,,,,,0.6954023241996765,0.7129069566726685
,,,,209,419,,,0.748157262802124,0.5930449962615967,,
,,,,210,421,,,,,0.6954023241996765,0.7168417572975159
,,,,210,421,,,0.7285012006759644,0.6212856769561768,,
,,,,211,423,,,,,0.5977011322975159,0.7870381474494934
,,,,211,423,,,0.7420147657394409,0.6182705163955688,,
,,,,212,425,,,,,0.5804597735404968,0.8640769720077515
,,,,212,425,,,0.6928746700286865,0.6682090163230896,,
,,,,213,427,,,,,0.7011494040489197,0.7561155557632446
,,,,213,427,,,0.6916462182998657,0.6819219589233398,,
,,,,214,429,,,,,0.6724137663841248,0.7341980338096619
,,,,214,429,,,0.7567567825317383,0.604595959186554,,
,,,,215,431,,,,,0.7011494040489197,0.7241266965866089
,,,,215,431,,,0.7125307321548462,0.6507614850997925,,
,,,,216,433,,,,,0.6091954112052917,0.7605755925178528
,,,,216,433,,,0.6953316926956177,0.6451297402381897,,
,,,,217,435,,,,,0.6896551847457886,0.7167349457740784
,,,,217,435,,,0.6756756901741028,0.6439726948738098,,
,,,,218,437,,,,,0.7183908224105835,0.7107810378074646
,,,,218,437,,,0.7457002401351929,0.6170694231987,,
,,,,219,439,,,,,0.6781609058380127,0.7130160927772522
,,,,219,439,,,0.7285012006759644,0.6229885220527649,,
,,,,220,441,,,,,0.6264367699623108,0.7569811344146729
,,,,220,441,,,0.7211301922798157,0.6137431263923645,,
,,,,221,443,,,,,0.5977011322975159,0.7516846060752869
,,,,221,443,,,0.7309582233428955,0.6091784834861755,,
,,,,222,445,,,,,0.7183908224105835,0.7303270101547241
,,,,222,445,,,0.748157262802124,0.6093853712081909,,
,,,,223,447,,,,,0.545976996421814,0.7962448000907898
,,,,223,447,,,0.7272727489471436,0.6392349004745483,,
,,,,224,449,,,,,0.568965494632721,0.7875918745994568
,,,,224,449,,,0.7174447178840637,0.6150991916656494,,
,,,,225,451,,,,,0.6724137663841248,0.7169349789619446
,,,,225,451,,,0.710073709487915,0.610958993434906,,
,,,,226,453,,,,,0.7068965435028076,0.711142897605896
,,,,226,453,,,0.7506142258644104,0.6069629192352295,,
,,,,227,455,,,,,0.7183908224105835,0.7299532294273376
,,,,227,455,,,0.7407862544059753,0.6092958450317383,,
,,,,228,457,,,,,0.6954023241996765,0.7007489204406738
,,,,228,457,,,0.7014741897583008,0.6260539889335632,,
,,,,229,459,,,,,0.6781609058380127,0.7294209599494934
,,,,229,459,,,0.7420147657394409,0.6103824973106384,,
,,,,230,461,,,,,0.6839080452919006,0.7345221638679504
,,,,230,461,,,0.7506142258644104,0.6024529337882996,,
,,,,231,463,,,,,0.6551724076271057,0.7334207892417908
,,,,231,463,,,0.7592137455940247,0.5880018472671509,,
,,,,232,465,,,,,0.7241379022598267,0.7093402147293091
,,,,232,465,,,0.726044237613678,0.6131981611251831,,
,,,,233,467,,,,,0.6781609058380127,0.7155907154083252
,,,,233,467,,,0.7628992795944214,0.6006513833999634,,
,,,,234,469,,,,,0.7126436829566956,0.6958072185516357
,,,,234,469,,,0.7628992795944214,0.6056050062179565,,
,,,,235,471,,,,,0.6321839094161987,0.7454493045806885
,,,,235,471,,,0.7444717288017273,0.5850905179977417,,
,,,,236,473,,,,,0.7126436829566956,0.7294130921363831
,,,,236,473,,,0.7174447178840637,0.6446077823638916,,
,,,,237,475,,,,,0.6954023241996765,0.7084103226661682
,,,,237,475,,,0.7407862544059753,0.6099594235420227,,
,,,,238,477,,,,,0.6781609058380127,0.7106250524520874
,,,,238,477,,,0.735872209072113,0.6058021187782288,,
,,,,239,479,,,,,0.6839080452919006,0.7355790138244629
,,,,239,479,,,0.7542997598648071,0.5851073265075684,,
,,,,240,481,,,,,0.7126436829566956,0.7208067178726196
,,,,240,481,,,0.7469287514686584,0.5887582898139954,,
,,,,241,483,,,,,0.7298850417137146,0.7396331429481506
,,,,241,483,,,0.7665847539901733,0.5956615209579468,,
,,,,242,485,,,,,0.6896551847457886,0.7455366253852844
,,,,242,485,,,0.7837837934494019,0.586649477481842,,
,,,,243,487,,,,,0.6724137663841248,0.7547594308853149
,,,,243,487,,,0.7542997598648071,0.5857134461402893,,
,,,,244,489,,,,,0.6839080452919006,0.7314503192901611
,,,,244,489,,,0.773955762386322,0.5962151885032654,,
,,,,245,491,,,,,0.7183908224105835,0.704167902469635
,,,,245,491,,,0.7530712485313416,0.6115157008171082,,
,,,,246,493,,,,,0.7068965435028076,0.6936699151992798
,,,,246,493,,,0.7727272510528564,0.5854517221450806,,
,,,,247,495,,,,,0.6954023241996765,0.7098149657249451
,,,,247,495,,,0.7542997598648071,0.5894591808319092,,
,,,,248,497,,,,,0.6781609058380127,0.7728877663612366
,,,,248,497,,,0.7272727489471436,0.6166508197784424,,
,,,,249,499,,,,,0.7068965435028076,0.7238259315490723
,,,,249,499,,,0.7469287514686584,0.6001452207565308,,
,,,,250,501,,,,,0.6149425506591797,0.7770767211914062
,,,,250,501,,,0.7432432174682617,0.6026787757873535,,
,,,,251,503,,,,,0.7126436829566956,0.7733100652694702
,,,,251,503,,,0.7383292317390442,0.6010311245918274,,
,,,,252,505,,,,,0.7011494040489197,0.7164502143859863
,,,,252,505,,,0.7579852342605591,0.5951610803604126,,
,,,,253,507,,,,,0.7356321811676025,0.6803284883499146
,,,,253,507,,,0.7493857741355896,0.5885621905326843,,
,,,,254,509,,,,,0.7011494040489197,0.7016391754150391
,,,,254,509,,,0.7383292317390442,0.5896837711334229,,
,,,,255,511,,,,,0.6954023241996765,0.7117502689361572
,,,,255,511,,,0.773955762386322,0.5706847310066223,,
,,,,256,513,,,,,0.6839080452919006,0.7199787497520447
,,,,256,513,,,0.773955762386322,0.5882042646408081,,
,,,,257,515,,,,,0.7356321811676025,0.6931517124176025
,,,,257,515,,,0.7714987993240356,0.5752061605453491,,
,,,,258,517,,,,,0.7011494040489197,0.7045327425003052
,,,,258,517,,,0.7751842737197876,0.5721632838249207,,
,,,,259,519,,,,,0.6839080452919006,0.7175491452217102
,,,,259,519,,,0.7665847539901733,0.5824198126792908,,
,,,,260,521,,,,,0.7068965435028076,0.7042690515518188
,,,,260,521,,,0.7592137455940247,0.5893120765686035,,
,,,,261,523,,,,,0.7068965435028076,0.6717112064361572
,,,,261,523,,,0.735872209072113,0.5808165073394775,,
,,,,262,525,,,,,0.7011494040489197,0.6820571422576904
,,,,262,525,,,0.7714987993240356,0.5651301145553589,,
,,,,263,527,,,,,0.7471264600753784,0.6661899089813232
,,,,263,527,,,0.7714987993240356,0.5670373439788818,,
,,,,264,529,,,,,0.7241379022598267,0.6656376123428345
,,,,264,529,,,0.7714987993240356,0.5749720335006714,,
,,,,265,531,,,,,0.7126436829566956,0.6838565468788147
,,,,265,531,,,0.7604422569274902,0.5738202929496765,,
,,,,266,533,,,,,0.6954023241996765,0.6857396960258484
,,,,266,533,,,0.7420147657394409,0.6118422150611877,,
,,,,267,535,,,,,0.6034482717514038,0.783333957195282
,,,,267,535,,,0.7604422569274902,0.5746871829032898,,
,,,,268,537,,,,,0.7011494040489197,0.7274826765060425
,,,,268,537,,,0.7014741897583008,0.6070888638496399,,
,,,,269,539,,,,,0.6896551847457886,0.7203932404518127
,,,,269,539,,,0.7616707682609558,0.5912514925003052,,
,,,,270,541,,,,,0.6781609058380127,0.702265202999115
,,,,270,541,,,0.7285012006759644,0.6082200407981873,,
,,,,271,543,,,,,0.6609195470809937,0.7135031223297119
,,,,271,543,,,0.7371007204055786,0.5901729464530945,,
,,,,272,545,,,,,0.7183908224105835,0.690093994140625
,,,,272,545,,,0.7530712485313416,0.5788120031356812,,
,,,,273,547,,,,,0.7068965435028076,0.6980234384536743
,,,,273,547,,,0.751842737197876,0.5822004675865173,,
,,,,274,549,,,,,0.7413793206214905,0.6808469891548157
,,,,274,549,,,0.7444717288017273,0.595977783203125,,
,,,,275,551,,,,,0.7011494040489197,0.6749818921089172
,,,,275,551,,,0.7592137455940247,0.564581036567688,,
,,,,276,553,,,,,0.7356321811676025,0.6826177835464478
,,,,276,553,,,0.751842737197876,0.5643153786659241,,
,,,,277,555,,,,,0.7183908224105835,0.6833627820014954
,,,,277,555,,,0.751842737197876,0.5781673192977905,,
,,,,278,557,,,,,0.6954023241996765,0.7298199534416199
,,,,278,557,,,0.7628992795944214,0.5700519680976868,,
,,,,279,559,,,,,0.6954023241996765,0.745036244392395
,,,,279,559,,,0.7579852342605591,0.5911089777946472,,
,,,,280,561,,,,,0.7183908224105835,0.7324081659317017
,,,,280,561,,,0.7579852342605591,0.586586594581604,,
,,,,281,563,,,,,0.7126436829566956,0.741396963596344
,,,,281,563,,,0.7014741897583008,0.5998581051826477,,
,,,,282,565,,,,,0.7241379022598267,0.7096719145774841
,,,,282,565,,,0.7285012006759644,0.5989766716957092,,
,,,,283,567,,,,,0.7183908224105835,0.6877925395965576
,,,,283,567,,,0.751842737197876,0.5797659754753113,,
,,,,284,569,,,,,0.7126436829566956,0.6864437460899353
,,,,284,569,,,0.735872209072113,0.5771954655647278,,
,,,,285,571,,,,,0.7126436829566956,0.6737244725227356
,,,,285,571,,,0.7592137455940247,0.5720739960670471,,
,,,,286,573,,,,,0.7413793206214905,0.687870442867279
,,,,286,573,,,0.7555282711982727,0.5899263024330139,,
,,,,287,575,,,,,0.6264367699623108,0.7384178638458252
,,,,287,575,,,0.7493857741355896,0.583533525466919,,
,,,,288,577,,,,,0.5862069129943848,0.777027428150177
,,,,288,577,,,0.7592137455940247,0.5863683223724365,,
,,,,289,579,,,,,0.7241379022598267,0.6930830478668213
,,,,289,579,,,0.7628992795944214,0.5703839659690857,,
,,,,290,581,,,,,0.7183908224105835,0.7171584367752075
,,,,290,581,,,0.7678132653236389,0.5779473781585693,,
,,,,291,583,,,,,0.7126436829566956,0.7052651643753052
,,,,291,583,,,0.7690417766571045,0.5634761452674866,,
,,,,292,585,,,,,0.7183908224105835,0.6948708891868591
,,,,292,585,,,0.7542997598648071,0.5608347058296204,,
,,,,293,587,,,,,0.6781609058380127,0.71760094165802
,,,,293,587,,,0.7395577430725098,0.5819430947303772,,
,,,,294,589,,,,,0.6724137663841248,0.7192338109016418
,,,,294,589,,,0.735872209072113,0.6088782548904419,,
,,,,295,591,,,,,0.6149425506591797,0.7675198316574097
,,,,295,591,,,0.7420147657394409,0.6155909299850464,,
,,,,296,593,,,,,0.6149425506591797,0.8086884617805481
,,,,296,593,,,0.687960684299469,0.6413753628730774,,
,,,,297,595,,,,,0.7413793206214905,0.7084386348724365
,,,,297,595,,,0.7063882350921631,0.6191169619560242,,
,,,,298,597,,,,,0.6724137663841248,0.7441299557685852
,,,,298,597,,,0.7469287514686584,0.6083576083183289,,
,,,,299,599,,,,,0.7126436829566956,0.7065107822418213
,,,,299,599,,,0.7076166868209839,0.6303478479385376,,
,,,,300,601,,,,,0.7126436829566956,0.6826072931289673
,,,,300,601,,,0.7432432174682617,0.5870956182479858,,
,,,,301,603,,,,,0.6494252681732178,0.7383561134338379
,,,,301,603,,,0.764127790927887,0.5750854015350342,,
,,,,302,605,,,,,0.6666666865348816,0.7072280049324036
,,,,302,605,,,0.7530712485313416,0.5885319709777832,,
,,,,303,607,,,,,0.6724137663841248,0.7062318921089172
,,,,303,607,,,0.7628992795944214,0.5909219980239868,,
,,,,304,609,,,,,0.6724137663841248,0.705020010471344
,,,,304,609,,,0.7579852342605591,0.5832522511482239,,
,,,,305,611,,,,,0.7068965435028076,0.7010784149169922
,,,,305,611,,,0.7665847539901733,0.5803473591804504,,
,,,,306,613,,,,,0.6954023241996765,0.7048393487930298
,,,,306,613,,,0.7678132653236389,0.5793647766113281,,
,,,,307,615,,,,,0.7356321811676025,0.681668221950531
,,,,307,615,,,0.7542997598648071,0.5943679213523865,,
,,,,308,617,,,,,0.7701149582862854,0.668590784072876
,,,,308,617,,,0.7776412963867188,0.5822782516479492,,
,,,,309,619,,,,,0.6954023241996765,0.6938692331314087
,,,,309,619,,,0.7628992795944214,0.5744170546531677,,
,,,,310,621,,,,,0.7068965435028076,0.6908236145973206
,,,,310,621,,,0.7248157262802124,0.589903712272644,,
,,,,311,623,,,,,0.6896551847457886,0.7253538966178894
,,,,311,623,,,0.7407862544059753,0.5790360569953918,,
,,,,312,625,,,,,0.7011494040489197,0.6985469460487366
,,,,312,625,,,0.7530712485313416,0.5945000648498535,,
,,,,313,627,,,,,0.6954023241996765,0.6835758090019226
,,,,313,627,,,0.748157262802124,0.592197060585022,,
,,,,314,629,,,,,0.7298850417137146,0.6730785965919495
,,,,314,629,,,0.7272727489471436,0.6043882966041565,,
,,,,315,631,,,,,0.7068965435028076,0.6784902811050415
,,,,315,631,,,0.7199017405509949,0.5963598489761353,,
,,,,316,633,,,,,0.7241379022598267,0.6875675916671753
,,,,316,633,,,0.7604422569274902,0.5730854868888855,,
,,,,317,635,,,,,0.7241379022598267,0.705865204334259
,,,,317,635,,,0.7604422569274902,0.5635238885879517,,
,,,,318,637,,,,,0.6896551847457886,0.7222599387168884
,,,,318,637,,,0.7813267707824707,0.5565435886383057,,
,,,,319,639,,,,,0.6839080452919006,0.7431716918945312
,,,,319,639,,,0.7727272510528564,0.558983325958252,,
,,,,320,641,,,,,0.6494252681732178,0.7533689737319946
,,,,320,641,,,0.7678132653236389,0.5684219002723694,,
,,,,321,643,,,,,0.6724137663841248,0.7260017991065979
,,,,321,643,,,0.7604422569274902,0.5559419989585876,,
,,,,322,645,,,,,0.6839080452919006,0.7396210432052612
,,,,322,645,,,0.7555282711982727,0.5646645426750183,,
,,,,323,647,,,,,0.6839080452919006,0.7445946931838989
,,,,323,647,,,0.7444717288017273,0.5953277945518494,,
,,,,324,649,,,,,0.6149425506591797,0.7586662769317627
,,,,324,649,,,0.7567567825317383,0.5749801993370056,,
,,,,325,651,,,,,0.6321839094161987,0.7829388380050659
,,,,325,651,,,0.7383292317390442,0.5840994119644165,,
,,,,326,653,,,,,0.7126436829566956,0.686068594455719
,,,,326,653,,,0.7346437573432922,0.5805458426475525,,
,,,,327,655,,,,,0.7126436829566956,0.6808510422706604
,,,,327,655,,,0.7727272510528564,0.5616442561149597,,
,,,,328,657,,,,,0.7471264600753784,0.6521316170692444
,,,,328,657,,,0.7751842737197876,0.5565624237060547,,
,,,,329,659,,,,,0.7298850417137146,0.6336844563484192
,,,,329,659,,,0.7690417766571045,0.5409847497940063,,
,,,,330,661,,,,,0.7241379022598267,0.6285085678100586
,,,,330,661,,,0.7506142258644104,0.5381654500961304,,
,,,,331,663,,,,,0.7126436829566956,0.6590625047683716
,,,,331,663,,,0.7764127850532532,0.5429648756980896,,
,,,,332,665,,,,,0.7413793206214905,0.6673510074615479
,,,,332,665,,,0.7592137455940247,0.563357412815094,,
,,,,333,667,,,,,0.7126436829566956,0.6670671701431274
,,,,333,667,,,0.8083537817001343,0.5436641573905945,,
,,,,334,669,,,,,0.7643678188323975,0.6662951111793518
,,,,334,669,,,0.7862407565116882,0.5418126583099365,,
,,,,335,671,,,,,0.6954023241996765,0.6921842694282532
,,,,335,671,,,0.7874692678451538,0.5478447675704956,,
,,,,336,673,,,,,0.7471264600753784,0.6398089528083801
,,,,336,673,,,0.7776412963867188,0.5541413426399231,,
,,,,337,675,,,,,0.7298850417137146,0.657082200050354
,,,,337,675,,,0.7776412963867188,0.5588669180870056,,
,,,,338,677,,,,,0.6379310488700867,0.7194028496742249
,,,,338,677,,,0.773955762386322,0.5487282276153564,,
,,,,339,679,,,,,0.6666666865348816,0.7374603152275085
,,,,339,679,,,0.7702702879905701,0.5649499893188477,,
,,,,340,681,,,,,0.7241379022598267,0.7238531708717346
,,,,340,681,,,0.7825552821159363,0.5588496923446655,,
,,,,341,683,,,,,0.7241379022598267,0.742007315158844
,,,,341,683,,,0.7616707682609558,0.5563443899154663,,
,,,,342,685,,,,,0.6551724076271057,0.7385278344154358
,,,,342,685,,,0.764127790927887,0.5480199456214905,,
,,,,343,687,,,,,0.7241379022598267,0.6735027432441711
,,,,343,687,,,0.7923833131790161,0.5326123237609863,,
,,,,344,689,,,,,0.7241379022598267,0.6881886720657349
,,,,344,689,,,0.7800982594490051,0.5540444850921631,,
,,,,345,691,,,,,0.7241379022598267,0.6676034331321716
,,,,345,691,,,0.7727272510528564,0.5445781350135803,,
,,,,346,693,,,,,0.7183908224105835,0.6529221534729004
,,,,346,693,,,0.764127790927887,0.5519762635231018,,
,,,,347,695,,,,,0.7413793206214905,0.6477549076080322
,,,,347,695,,,0.7776412963867188,0.5507656931877136,,
,,,,348,697,,,,,0.7356321811676025,0.650871753692627
,,,,348,697,,,0.7690417766571045,0.5467929840087891,,
,,,,349,699,,,,,0.7183908224105835,0.6506379842758179
,,,,349,699,,,0.7714987993240356,0.561919093132019,,
,,,,350,701,,,,,0.7413793206214905,0.6379214525222778
,,,,350,701,,,0.7800982594490051,0.5394471883773804,,
,,,,351,703,,,,,0.7298850417137146,0.6509831547737122
,,,,351,703,,,0.7579852342605591,0.5532434582710266,,
,,,,352,705,,,,,0.6781609058380127,0.6864266395568848
,,,,352,705,,,0.789926290512085,0.5320291519165039,,
,,,,353,707,,,,,0.6781609058380127,0.6934671401977539
,,,,353,707,,,0.7628992795944214,0.542131781578064,,
,,,,354,709,,,,,0.6781609058380127,0.6808243989944458
,,,,354,709,,,0.773955762386322,0.562008798122406,,
,,,,355,711,,,,,0.7011494040489197,0.6471538543701172
,,,,355,711,,,0.7837837934494019,0.5482883453369141,,
,,,,356,713,,,,,0.7471264600753784,0.6477217078208923
,,,,356,713,,,0.7665847539901733,0.5397509336471558,,
,,,,357,715,,,,,0.7068965435028076,0.6401099562644958
,,,,357,715,,,0.7727272510528564,0.5426126718521118,,
,,,,358,717,,,,,0.7126436829566956,0.6808104515075684
,,,,358,717,,,0.7653562426567078,0.5488591194152832,,
,,,,359,719,,,,,0.7241379022598267,0.6705692410469055
,,,,359,719,,,0.7665847539901733,0.562639057636261,,
,,,,360,721,,,,,0.6264367699623108,0.7522121667861938
,,,,360,721,,,0.7714987993240356,0.5581912994384766,,
,,,,361,723,,,,,0.7413793206214905,0.6601757407188416
,,,,361,723,,,0.7751842737197876,0.5508697032928467,,
,,,,362,725,,,,,0.7413793206214905,0.6566560864448547
,,,,362,725,,,0.7850123047828674,0.5409186482429504,,
,,,,363,727,,,,,0.6551724076271057,0.7091615200042725
,,,,363,727,,,0.7800982594490051,0.5383499264717102,,
,,,,364,729,,,,,0.7298850417137146,0.653351366519928
,,,,364,729,,,0.789926290512085,0.5391544103622437,,
,,,,365,731,,,,,0.7413793206214905,0.6577537059783936
,,,,365,731,,,0.7862407565116882,0.5300654768943787,,
,,,,366,733,,,,,0.7183908224105835,0.6500079035758972
,,,,366,733,,,0.7862407565116882,0.5314680933952332,,
,,,,367,735,,,,,0.7298850417137146,0.644804835319519
,,,,367,735,,,0.7936117649078369,0.5257139801979065,,
,,,,368,737,,,,,0.7011494040489197,0.6806269884109497
,,,,368,737,,,0.7678132653236389,0.5332698225975037,,
,,,,369,739,,,,,0.6896551847457886,0.679270327091217
,,,,369,739,,,0.7850123047828674,0.5376592874526978,,
,,,,370,741,,,,,0.6839080452919006,0.6972940564155579
,,,,370,741,,,0.7997543215751648,0.5348270535469055,,
,,,,371,743,,,,,0.7011494040489197,0.6763291358947754
,,,,371,743,,,0.8009827733039856,0.5301221013069153,,
,,,,372,745,,,,,0.6321839094161987,0.7305512428283691
,,,,372,745,,,0.748157262802124,0.5603470802307129,,
,,,,373,747,,,,,0.6149425506591797,0.7408670783042908
,,,,373,747,,,0.7555282711982727,0.5714468955993652,,
,,,,374,749,,,,,0.6149425506591797,0.7164230346679688
,,,,374,749,,,0.7457002401351929,0.5533402562141418,,
,,,,375,751,,,,,0.7011494040489197,0.6776391267776489
,,,,375,751,,,0.7727272510528564,0.556757390499115,,
,,,,376,753,,,,,0.7183908224105835,0.655631422996521
,,,,376,753,,,0.7800982594490051,0.5380629301071167,,
,,,,377,755,,,,,0.7126436829566956,0.659740686416626
,,,,377,755,,,0.7936117649078369,0.5237784385681152,,
,,,,378,757,,,,,0.7011494040489197,0.6665078401565552
,,,,378,757,,,0.7665847539901733,0.5422044396400452,,
,,,,379,759,,,,,0.7643678188323975,0.6451744437217712
,,,,379,759,,,0.7813267707824707,0.5525774955749512,,
,,,,380,761,,,,,0.7241379022598267,0.6806803941726685
,,,,380,761,,,0.7923833131790161,0.5348255634307861,,
,,,,381,763,,,,,0.7183908224105835,0.6927936673164368
,,,,381,763,,,0.7800982594490051,0.5510597825050354,,
,,,,382,765,,,,,0.7126436829566956,0.6671520471572876
,,,,382,765,,,0.7923833131790161,0.5486600399017334,,
,,,,383,767,,,,,0.7471264600753784,0.6478981971740723
,,,,383,767,,,0.7788698077201843,0.5398740172386169,,
,,,,384,769,,,,,0.7413793206214905,0.6584091782569885
,,,,384,769,,,0.7825552821159363,0.5344341993331909,,
,,,,385,771,,,,,0.7471264600753784,0.6385330557823181
,,,,385,771,,,0.7948402762413025,0.5338427424430847,,
,,,,386,773,,,,,0.6206896305084229,0.7730372548103333
,,,,386,773,,,0.7690417766571045,0.5359412431716919,,
,,,,387,775,,,,,0.7011494040489197,0.6750376224517822
,,,,387,775,,,0.726044237613678,0.5886645913124084,,
,,,,388,777,,,,,0.6954023241996765,0.6946805119514465
,,,,388,777,,,0.7714987993240356,0.5378499031066895,,
,,,,389,779,,,,,0.7241379022598267,0.6633509993553162
,,,,389,779,,,0.7653562426567078,0.5542648434638977,,
,,,,390,781,,,,,0.7298850417137146,0.6449880003929138
,,,,390,781,,,0.7764127850532532,0.532665491104126,,
,,,,391,783,,,,,0.7471264600753784,0.6521816253662109
,,,,391,783,,,0.7690417766571045,0.5329844355583191,,
,,,,392,785,,,,,0.7586206793785095,0.6532802581787109
,,,,392,785,,,0.7850123047828674,0.5583376288414001,,
,,,,393,787,,,,,0.7528735399246216,0.6523786783218384
,,,,393,787,,,0.7714987993240356,0.5550990104675293,,
,,,,394,789,,,,,0.7471264600753784,0.6902288198471069
,,,,394,789,,,0.7911548018455505,0.524366021156311,,
,,,,395,791,,,,,0.7241379022598267,0.6901859045028687
,,,,395,791,,,0.7776412963867188,0.524772047996521,,
,,,,396,793,,,,,0.7298850417137146,0.6662769317626953
,,,,396,793,,,0.7936117649078369,0.5285344123840332,,
,,,,397,795,,,,,0.6724137663841248,0.7012493014335632
,,,,397,795,,,0.7923833131790161,0.5394132137298584,,
,,,,398,797,,,,,0.7183908224105835,0.6654594540596008
,,,,398,797,,,0.7665847539901733,0.5353448987007141,,
,,,,399,798,,,,,0.7183908224105835,0.6580802798271179
,,,,399,797,,,0.80859375,0.476071298122406,,
0.9111111164093018,0.54347825050354,0.7708333134651184,0.8055555820465088,400,798,0.7542856931686401,0.6060126423835754,,,,
