class_0_acc,class_1_acc,class_2_acc,class_3_acc,class_4_acc,epoch,step,test_acc,test_loss,train_acc_epoch,train_loss_epoch,val_acc,val_loss
,,,,,0,3,,,,,0.48402947187423706,1.5593663454055786
,,,,,0,3,,,0.18454258143901825,1.628371238708496,,
,,,,,1,7,,,,,0.4570024609565735,1.5287282466888428
,,,,,1,7,,,0.4279705584049225,1.495787501335144,,
,,,,,2,11,,,,,0.45208844542503357,1.4670307636260986
,,,,,2,11,,,0.48843324184417725,1.4318703413009644,,
,,,,,3,15,,,,,0.4815724790096283,1.404013752937317
,,,,,3,15,,,0.5036803483963013,1.3824677467346191,,
,,,,,4,19,,,,,0.5208845138549805,1.349125862121582
,,,,,4,19,,,0.524185061454773,1.3419530391693115,,
,,,,,5,23,,,,,0.5110564827919006,1.3032495975494385
,,,,,5,23,,,0.5168244242668152,1.305759072303772,,
,,,,,6,27,,,,,0.5012285113334656,1.2717657089233398
,,,,,6,27,,,0.5089379549026489,1.2845635414123535,,
,,,,,7,31,,,,,0.5135135054588318,1.241567850112915
,,,,,7,31,,,0.519978940486908,1.263187289237976,,
,,,,,8,35,,,,,0.5135135054588318,1.2236945629119873
,,,,,8,35,,,0.5320715308189392,1.2426478862762451,,
,,,,,9,39,,,,,0.5135135054588318,1.2116879224777222
,,,,,9,39,,,0.5257623791694641,1.231860637664795,,
,,,,,10,43,,,,,0.5356265306472778,1.193873405456543
,,,,,10,43,,,0.5325972437858582,1.2196485996246338,,
,,,,,11,47,,,,,0.5208845138549805,1.183969259262085
,,,,,11,47,,,0.5336487889289856,1.20326566696167,,
,,,,,12,51,,,,,0.5331695079803467,1.1723753213882446
,,,,,12,51,,,0.5226078033447266,1.1910130977630615,,
,,,,,13,55,,,,,0.5331695079803467,1.159481406211853
,,,,,13,55,,,0.5220820307731628,1.1911664009094238,,
,,,,,14,59,,,,,0.5110564827919006,1.1665581464767456
,,,,,14,59,,,0.524185061454773,1.1793543100357056,,
,,,,,15,63,,,,,0.5454545617103577,1.1526565551757812
,,,,,15,63,,,0.5362775921821594,1.1746635437011719,,
,,,,,16,67,,,,,0.5405405163764954,1.1494194269180298
,,,,,16,67,,,0.5336487889289856,1.1681156158447266,,
,,,,,17,71,,,,,0.5429975390434265,1.1473808288574219
,,,,,17,71,,,0.534700334072113,1.1605515480041504,,
,,,,,18,75,,,,,0.5405405163764954,1.1445471048355103
,,,,,18,75,,,0.5399579405784607,1.1611300706863403,,
,,,,,19,79,,,,,0.5208845138549805,1.1481496095657349
,,,,,19,79,,,0.5336487889289856,1.1483272314071655,,
,,,,,20,83,,,,,0.5405405163764954,1.1335656642913818
,,,,,20,83,,,0.534700334072113,1.1432570219039917,,
,,,,,21,87,,,,,0.5282555222511292,1.1282050609588623
,,,,,21,87,,,0.530494213104248,1.1454473733901978,,
,,,,,22,91,,,,,0.525798499584198,1.1293120384216309
,,,,,22,91,,,0.5404837131500244,1.1404085159301758,,
,,,,,23,95,,,,,0.5135135054588318,1.1302412748336792
,,,,,23,95,,,0.5331230163574219,1.134142518043518,,
,,,,,24,99,,,,,0.5552825331687927,1.1271846294403076
,,,,,24,99,,,0.5420609712600708,1.132787823677063,,
,,,,,25,103,,,,,0.560196578502655,1.1123478412628174
,,,,,25,103,,,0.5357518196105957,1.1265816688537598,,
,,,,,26,107,,,,,0.5552825331687927,1.1103003025054932
,,,,,26,107,,,0.5431125164031982,1.124086618423462,,
,,,,,27,111,,,,,0.5454545617103577,1.1049385070800781
,,,,,27,111,,,0.554679274559021,1.115958333015442,,
,,,,,28,115,,,,,0.5454545617103577,1.1120662689208984
,,,,,28,115,,,0.554679274559021,1.1099380254745483,,
,,,,,29,119,,,,,0.6068795919418335,1.1065986156463623
,,,,,29,119,,,0.534700334072113,1.1116105318069458,,
,,,,,30,123,,,,,0.5773955583572388,1.0965821743011475
,,,,,30,123,,,0.5651945471763611,1.1004637479782104,,
,,,,,31,127,,,,,0.5798525810241699,1.0918457508087158
,,,,,31,127,,,0.5552050471305847,1.0990889072418213,,
,,,,,32,131,,,,,0.5872235894203186,1.0928865671157837
,,,,,32,131,,,0.5630914568901062,1.0964008569717407,,
,,,,,33,135,,,,,0.5700245499610901,1.0855154991149902
,,,,,33,135,,,0.5646687746047974,1.08921480178833,,
,,,,,34,139,,,,,0.5823096036911011,1.0772066116333008
,,,,,34,139,,,0.569926381111145,1.0789337158203125,,
,,,,,35,143,,,,,0.5847665667533875,1.0786747932434082
,,,,,35,143,,,0.5567823052406311,1.084707260131836,,
,,,,,36,147,,,,,0.5675675868988037,1.0935949087142944
,,,,,36,147,,,0.5552050471305847,1.0859131813049316,,
,,,,,37,151,,,,,0.5749385952949524,1.0828077793121338
,,,,,37,151,,,0.5625657439231873,1.0809006690979004,,
,,,,,38,155,,,,,0.5945945978164673,1.0723685026168823
,,,,,38,155,,,0.5457413196563721,1.0772769451141357,,
,,,,,39,159,,,,,0.5823096036911011,1.0560860633850098
,,,,,39,159,,,0.5783385634422302,1.0647536516189575,,
,,,,,40,163,,,,,0.5823096036911011,1.0591051578521729
,,,,,40,163,,,0.5683491230010986,1.0601919889450073,,
,,,,,41,167,,,,,0.5749385952949524,1.0633430480957031
,,,,,41,167,,,0.5757097601890564,1.0553836822509766,,
,,,,,42,171,,,,,0.5749385952949524,1.0522043704986572
,,,,,42,171,,,0.5709779262542725,1.0580646991729736,,
,,,,,43,175,,,,,0.5823096036911011,1.0415557622909546
,,,,,43,175,,,0.5709779262542725,1.0531002283096313,,
,,,,,44,179,,,,,0.5773955583572388,1.0591676235198975
,,,,,44,179,,,0.5820189118385315,1.0499781370162964,,
,,,,,45,183,,,,,0.5724815726280212,1.053983449935913
,,,,,45,183,,,0.5678233504295349,1.0466171503067017,,
,,,,,46,187,,,,,0.5823096036911011,1.02926504611969
,,,,,46,187,,,0.5746582746505737,1.043864130973816,,
,,,,,47,191,,,,,0.5798525810241699,1.0225602388381958
,,,,,47,191,,,0.5809674263000488,1.0424748659133911,,
,,,,,48,195,,,,,0.5798525810241699,1.0447397232055664
,,,,,48,195,,,0.5746582746505737,1.0310461521148682,,
,,,,,49,199,,,,,0.5700245499610901,1.035689115524292
,,,,,49,199,,,0.5641430020332336,1.0449349880218506,,
,,,,,50,203,,,,,0.5872235894203186,1.040144681930542
,,,,,50,203,,,0.5772870779037476,1.0354994535446167,,
,,,,,51,207,,,,,0.560196578502655,1.0351063013076782
,,,,,51,207,,,0.5641430020332336,1.0366321802139282,,
,,,,,52,211,,,,,0.5773955583572388,1.0429133176803589
,,,,,52,211,,,0.5762355327606201,1.021864652633667,,
,,,,,53,215,,,,,0.5577395558357239,1.0189632177352905
,,,,,53,215,,,0.5757097601890564,1.0177125930786133,,
,,,,,54,219,,,,,0.5651105642318726,1.0184917449951172
,,,,,54,219,,,0.5793901085853577,1.0309455394744873,,
,,,,,55,223,,,,,0.6044226288795471,1.024851679801941
,,,,,55,223,,,0.5809674263000488,1.0243586301803589,,
,,,,,56,227,,,,,0.5995085835456848,1.0065457820892334
,,,,,56,227,,,0.5846477150917053,1.0238938331604004,,
,,,,,57,231,,,,,0.5724815726280212,1.0136702060699463
,,,,,57,231,,,0.5809674263000488,1.0138996839523315,,
,,,,,58,235,,,,,0.5921375751495361,1.0361145734786987
,,,,,58,235,,,0.5914826393127441,1.0062662363052368,,
,,,,,59,239,,,,,0.5773955583572388,0.996570348739624
,,,,,59,239,,,0.5820189118385315,1.0111374855041504,,
,,,,,60,243,,,,,0.5872235894203186,1.0006381273269653
,,,,,60,243,,,0.5935856699943542,1.0090277194976807,,
,,,,,61,247,,,,,0.5896806120872498,1.0011777877807617
,,,,,61,247,,,0.585173487663269,1.0006365776062012,,
,,,,,62,251,,,,,0.5798525810241699,1.011768102645874
,,,,,62,251,,,0.5872765779495239,1.0011895895004272,,
,,,,,63,255,,,,,0.6167076230049133,0.9921973943710327
,,,,,63,255,,,0.5914826393127441,0.9979925751686096,,
,,,,,64,259,,,,,0.6068795919418335,0.9861117005348206
,,,,,64,259,,,0.594111442565918,0.9960271120071411,,
,,,,,65,263,,,,,0.5700245499610901,0.9845051765441895
,,,,,65,263,,,0.5809674263000488,0.9959994554519653,,
,,,,,66,267,,,,,0.6265356540679932,0.9904900789260864
,,,,,66,267,,,0.578864336013794,0.9914065599441528,,
,,,,,67,271,,,,,0.5945945978164673,0.9989269971847534
,,,,,67,271,,,0.5862250328063965,0.9928981065750122,,
,,,,,68,275,,,,,0.5872235894203186,0.9996212124824524
,,,,,68,275,,,0.5814931392669678,1.0011943578720093,,
,,,,,69,279,,,,,0.5921375751495361,0.9966691732406616
,,,,,69,279,,,0.6014721393585205,0.9768660068511963,,
,,,,,70,283,,,,,0.5749385952949524,0.9797096252441406
,,,,,70,283,,,0.5988433361053467,0.9825252890586853,,
,,,,,71,287,,,,,0.5921375751495361,0.9964485764503479
,,,,,71,287,,,0.5899053812026978,0.9861652851104736,,
,,,,,72,291,,,,,0.6044226288795471,0.977410078048706
,,,,,72,291,,,0.5977917909622192,0.9854104518890381,,
,,,,,73,295,,,,,0.5798525810241699,0.9796598553657532
,,,,,73,295,,,0.598317563533783,0.9807323217391968,,
,,,,,74,299,,,,,0.5945945978164673,0.9764105677604675
,,,,,74,299,,,0.6019979119300842,0.9731519818305969,,
,,,,,75,303,,,,,0.5872235894203186,0.9766919016838074
,,,,,75,303,,,0.5988433361053467,0.9661368727684021,,
,,,,,76,307,,,,,0.5970516204833984,1.033400297164917
,,,,,76,307,,,0.5904311537742615,0.9805046916007996,,
,,,,,77,311,,,,,0.5798525810241699,1.0043729543685913
,,,,,77,311,,,0.5930599570274353,0.9809555411338806,,
,,,,,78,315,,,,,0.5995085835456848,1.0071345567703247
,,,,,78,315,,,0.5972660183906555,0.9694966077804565,,
,,,,,79,319,,,,,0.5995085835456848,1.037890076637268
,,,,,79,319,,,0.5883280634880066,1.0034011602401733,,
,,,,,80,323,,,,,0.5724815726280212,0.9864612817764282
,,,,,80,323,,,0.5856992602348328,0.9692234992980957,,
,,,,,81,327,,,,,0.6093366146087646,0.9782989025115967
,,,,,81,327,,,0.5951629877090454,0.965474009513855,,
,,,,,82,331,,,,,0.624078631401062,0.9729143381118774
,,,,,82,331,,,0.6035751700401306,0.9760947823524475,,
,,,,,83,335,,,,,0.6216216087341309,0.9970433115959167
,,,,,83,335,,,0.6009463667869568,0.9663864374160767,,
,,,,,84,339,,,,,0.6068795919418335,0.9747999906539917
,,,,,84,339,,,0.5962145328521729,0.985101044178009,,
,,,,,85,343,,,,,0.560196578502655,1.0057651996612549
,,,,,85,343,,,0.5914826393127441,0.9821993708610535,,
,,,,,86,347,,,,,0.5896806120872498,1.0145066976547241
,,,,,86,347,,,0.589379608631134,0.9756569266319275,,
,,,,,87,351,,,,,0.5823096036911011,0.9654215574264526
,,,,,87,351,,,0.609358549118042,0.9557448029518127,,
,,,,,88,355,,,,,0.5872235894203186,1.0033079385757446
,,,,,88,355,,,0.5856992602348328,0.9719504117965698,,
,,,,,89,359,,,,,0.5823096036911011,0.976020097732544
,,,,,89,359,,,0.5867508053779602,0.9865230917930603,,
,,,,,90,363,,,,,0.6093366146087646,0.960976779460907
,,,,,90,363,,,0.5946372151374817,0.9630454182624817,,
,,,,,91,367,,,,,0.6093366146087646,0.9832631945610046
,,,,,91,367,,,0.6035751700401306,0.9495072960853577,,
,,,,,92,371,,,,,0.601965606212616,0.9588309526443481
,,,,,92,371,,,0.6114616394042969,0.9495863318443298,,
,,,,,93,375,,,,,0.601965606212616,0.9479518532752991
,,,,,93,375,,,0.6004205942153931,0.9602490663528442,,
,,,,,94,379,,,,,0.5724815726280212,0.9719328284263611
,,,,,94,379,,,0.6077812910079956,0.9399445056915283,,
,,,,,95,383,,,,,0.6191646456718445,0.9500522613525391
,,,,,95,383,,,0.608832836151123,0.9498197436332703,,
,,,,,96,387,,,,,0.6191646456718445,0.9508104920387268
,,,,,96,387,,,0.6035751700401306,0.9671710729598999,,
,,,,,97,391,,,,,0.5995085835456848,0.9642608165740967
,,,,,97,391,,,0.6225026249885559,0.9445918798446655,,
,,,,,98,395,,,,,0.6167076230049133,0.9585937261581421
,,,,,98,395,,,0.6072555184364319,0.9645115733146667,,
,,,,,99,399,,,,,0.5995085835456848,0.9472593069076538
,,,,,99,399,,,0.6014721393585205,0.957088053226471,,
,,,,,100,403,,,,,0.6216216087341309,0.966448187828064
,,,,,100,403,,,0.6077812910079956,0.9575974345207214,,
,,,,,101,407,,,,,0.601965606212616,0.9550092816352844
,,,,,101,407,,,0.6098843216896057,0.931975781917572,,
,,,,,102,411,,,,,0.5995085835456848,0.9496873617172241
,,,,,102,411,,,0.6035751700401306,0.9596240520477295,,
,,,,,103,415,,,,,0.6117936372756958,0.9438764452934265
,,,,,103,415,,,0.6167192459106445,0.9360562562942505,,
,,,,,104,419,,,,,0.6388206481933594,0.9503665566444397
,,,,,104,419,,,0.6083070635795593,0.943821907043457,,
,,,,,105,423,,,,,0.6093366146087646,0.9554010033607483
,,,,,105,423,,,0.617770791053772,0.9308333396911621,,
,,,,,106,427,,,,,0.6437346339225769,0.9528759121894836
,,,,,106,427,,,0.6261829733848572,0.9301058053970337,,
,,,,,107,431,,,,,0.5970516204833984,0.9584553241729736
,,,,,107,431,,,0.6019979119300842,0.9549239873886108,,
,,,,,108,435,,,,,0.6167076230049133,0.9763137102127075
,,,,,108,435,,,0.602523684501648,0.9487688541412354,,
,,,,,109,439,,,,,0.5896806120872498,0.958368182182312
,,,,,109,439,,,0.6267087459564209,0.9348392486572266,,
,,,,,110,443,,,,,0.6535626649856567,0.9601483941078186
,,,,,110,443,,,0.6161934733390808,0.9406045079231262,,
,,,,,111,447,,,,,0.5896806120872498,0.9862486720085144
,,,,,111,447,,,0.5998948216438293,0.9502862095832825,,
,,,,,112,451,,,,,0.6117936372756958,0.968203067779541
,,,,,112,451,,,0.6051524877548218,0.9512680768966675,,
,,,,,113,455,,,,,0.6068795919418335,0.9432597756385803
,,,,,113,455,,,0.6046267151832581,0.947605550289154,,
,,,,,114,459,,,,,0.6044226288795471,0.9946870803833008
,,,,,114,459,,,0.6156677007675171,0.924817681312561,,
,,,,,115,463,,,,,0.6142506003379822,0.9625548720359802
,,,,,115,463,,,0.6062039732933044,0.9481510519981384,,
,,,,,116,467,,,,,0.6191646456718445,0.9775956273078918
,,,,,116,467,,,0.6267087459564209,0.9201836585998535,,
,,,,,117,471,,,,,0.6142506003379822,0.9456622004508972
,,,,,117,471,,,0.6146162152290344,0.9474062919616699,,
,,,,,118,475,,,,,0.6437346339225769,0.9466601014137268
,,,,,118,475,,,0.6198738217353821,0.9178231358528137,,
,,,,,119,479,,,,,0.6117936372756958,0.9688536524772644
,,,,,119,479,,,0.6104100942611694,0.9447062611579895,,
,,,,,120,483,,,,,0.6486486196517944,0.9414233565330505
,,,,,120,483,,,0.6114616394042969,0.9359683990478516,,
,,,,,121,487,,,,,0.6068795919418335,0.9342471361160278
,,,,,121,487,,,0.6067297458648682,0.9349632263183594,,
,,,,,122,491,,,,,0.624078631401062,0.9463750123977661
,,,,,122,491,,,0.6209253668785095,0.9248347282409668,,
,,,,,123,495,,,,,0.6044226288795471,0.976947009563446
,,,,,123,495,,,0.6067297458648682,0.9574635624885559,,
,,,,,124,499,,,,,0.5945945978164673,1.0245647430419922
,,,,,124,499,,,0.6114616394042969,0.9287548661231995,,
,,,,,125,503,,,,,0.5872235894203186,0.9774500131607056
,,,,,125,503,,,0.6004205942153931,0.9736736416816711,,
,,,,,126,507,,,,,0.5921375751495361,1.0125494003295898
,,,,,126,507,,,0.6230283975601196,0.9341467618942261,,
,,,,,127,511,,,,,0.6363636255264282,0.9429028630256653
,,,,,127,511,,,0.6056782603263855,0.9666197896003723,,
,,,,,128,515,,,,,0.6191646456718445,0.964745819568634
,,,,,128,515,,,0.6067297458648682,0.945960521697998,,
,,,,,129,519,,,,,0.601965606212616,0.9410429000854492
,,,,,129,519,,,0.6104100942611694,0.9323626756668091,,
,,,,,130,523,,,,,0.6191646456718445,0.9986680150032043
,,,,,130,523,,,0.6251314282417297,0.9244199395179749,,
,,,,,131,527,,,,,0.6044226288795471,0.9282856583595276
,,,,,131,527,,,0.6251314282417297,0.9162505269050598,,
,,,,,132,531,,,,,0.5872235894203186,0.9738718271255493
,,,,,132,531,,,0.6130388975143433,0.9389641880989075,,
,,,,,133,535,,,,,0.6167076230049133,0.9520472288131714
,,,,,133,535,,,0.6267087459564209,0.9225338697433472,,
,,,,,134,539,,,,,0.6289926171302795,0.9623749256134033
,,,,,134,539,,,0.6193480491638184,0.9256037473678589,,
,,,,,135,543,,,,,0.6289926171302795,0.9304173588752747
,,,,,135,543,,,0.6209253668785095,0.9166539311408997,,
,,,,,136,547,,,,,0.6216216087341309,0.9534952640533447
,,,,,136,547,,,0.6298633217811584,0.9164561033248901,,
,,,,,137,551,,,,,0.5945945978164673,0.9599945545196533
,,,,,137,551,,,0.6309148073196411,0.9104553461074829,,
,,,,,138,555,,,,,0.6191646456718445,0.9648794531822205
,,,,,138,555,,,0.6167192459106445,0.9331834316253662,,
,,,,,139,559,,,,,0.6265356540679932,0.9201785922050476
,,,,,139,559,,,0.6219768524169922,0.9266629815101624,,
,,,,,140,563,,,,,0.5896806120872498,0.9866094589233398
,,,,,140,563,,,0.6251314282417297,0.9128923416137695,,
,,,,,141,567,,,,,0.6068795919418335,0.940872848033905
,,,,,141,567,,,0.6041009426116943,0.9325154423713684,,
,,,,,142,571,,,,,0.6216216087341309,0.9099196195602417
,,,,,142,571,,,0.6219768524169922,0.9175765514373779,,
,,,,,143,575,,,,,0.6339066624641418,0.9345041513442993
,,,,,143,575,,,0.6240799427032471,0.9195235371589661,,
,,,,,144,579,,,,,0.6142506003379822,0.9261704087257385
,,,,,144,579,,,0.6182965040206909,0.9102153182029724,,
,,,,,145,583,,,,,0.6756756901741028,0.9156975746154785
,,,,,145,583,,,0.6282860040664673,0.9084332585334778,,
,,,,,146,587,,,,,0.6584766507148743,0.9239414930343628
,,,,,146,587,,,0.6203995943069458,0.9168773293495178,,
,,,,,147,591,,,,,0.6535626649856567,0.9283610582351685
,,,,,147,591,,,0.633017897605896,0.905060887336731,,
,,,,,148,595,,,,,0.6683046817779541,0.9055454730987549
,,,,,148,595,,,0.6256572008132935,0.8887127041816711,,
,,,,,149,599,,,,,0.6216216087341309,0.9403674602508545
,,,,,149,599,,,0.6156677007675171,0.9075179100036621,,
,,,,,150,603,,,,,0.6412776708602905,0.928778886795044
,,,,,150,603,,,0.6182965040206909,0.9103733897209167,,
,,,,,151,607,,,,,0.6461916565895081,0.9158236980438232
,,,,,151,607,,,0.6272345185279846,0.9051094055175781,,
,,,,,152,611,,,,,0.601965606212616,0.9718552827835083
,,,,,152,611,,,0.6098843216896057,0.9139581918716431,,
,,,,,153,615,,,,,0.6314496397972107,0.9324350357055664
,,,,,153,615,,,0.6098843216896057,0.9077817797660828,,
,,,,,154,619,,,,,0.6437346339225769,0.913187563419342
,,,,,154,619,,,0.624605655670166,0.9050484299659729,,
,,,,,155,623,,,,,0.6486486196517944,0.9410932660102844
,,,,,155,623,,,0.6314405798912048,0.9032412171363831,,
,,,,,156,627,,,,,0.6117936372756958,0.9138497114181519
,,,,,156,627,,,0.6256572008132935,0.9018830060958862,,
,,,,,157,631,,,,,0.6142506003379822,0.9278889894485474
,,,,,157,631,,,0.6345951557159424,0.8854707479476929,,
,,,,,158,635,,,,,0.6142506003379822,0.9297674298286438
,,,,,158,635,,,0.6172450184822083,0.9014691710472107,,
,,,,,159,639,,,,,0.6216216087341309,0.9223780632019043
,,,,,159,639,,,0.6293375492095947,0.9034669995307922,,
,,,,,160,643,,,,,0.6314496397972107,0.9122032523155212
,,,,,160,643,,,0.6298633217811584,0.8841818571090698,,
,,,,,161,647,,,,,0.6388206481933594,0.9074932932853699
,,,,,161,647,,,0.6209253668785095,0.9059767127037048,,
,,,,,162,651,,,,,0.6461916565895081,0.9124513864517212
,,,,,162,651,,,0.6424816250801086,0.879456102848053,,
,,,,,163,655,,,,,0.6314496397972107,0.9162552952766418
,,,,,163,655,,,0.6445846557617188,0.8834279179573059,,
,,,,,164,659,,,,,0.6560196280479431,0.911045253276825
,,,,,164,659,,,0.6335436105728149,0.8990233540534973,,
,,,,,165,663,,,,,0.6117936372756958,0.9493189454078674
,,,,,165,663,,,0.6256572008132935,0.9020485281944275,,
,,,,,166,667,,,,,0.6584766507148743,0.8954286575317383
,,,,,166,667,,,0.6445846557617188,0.8829478621482849,,
,,,,,167,671,,,,,0.6511056423187256,0.8967195749282837
,,,,,167,671,,,0.617770791053772,0.9117328524589539,,
,,,,,168,675,,,,,0.6289926171302795,0.9165729880332947
,,,,,168,675,,,0.6451104283332825,0.8932152986526489,,
,,,,,169,679,,,,,0.6584766507148743,0.9165771007537842
,,,,,169,679,,,0.633017897605896,0.9005975127220154,,
,,,,,170,683,,,,,0.6265356540679932,0.9405465126037598
,,,,,170,683,,,0.624605655670166,0.9073881506919861,,
,,,,,171,687,,,,,0.6216216087341309,0.9287252426147461
,,,,,171,687,,,0.6203995943069458,0.9231367111206055,,
,,,,,172,691,,,,,0.5528255701065063,1.0086477994918823
,,,,,172,691,,,0.6319663524627686,0.8981194496154785,,
,,,,,173,695,,,,,0.6191646456718445,0.9286077618598938
,,,,,173,695,,,0.628811776638031,0.8999158143997192,,
,,,,,174,699,,,,,0.6584766507148743,0.9163016676902771
,,,,,174,699,,,0.633017897605896,0.890628457069397,,
,,,,,175,703,,,,,0.6167076230049133,0.9357596039772034
,,,,,175,703,,,0.6293375492095947,0.9154308438301086,,
,,,,,176,707,,,,,0.6486486196517944,0.924008309841156
,,,,,176,707,,,0.633017897605896,0.8903725147247314,,
,,,,,177,711,,,,,0.6683046817779541,0.8980452418327332
,,,,,177,711,,,0.6172450184822083,0.9068087339401245,,
,,,,,178,715,,,,,0.5970516204833984,0.9371857643127441
,,,,,178,715,,,0.6498422622680664,0.8890253901481628,,
,,,,,179,719,,,,,0.6167076230049133,0.9180657267570496
,,,,,179,719,,,0.6261829733848572,0.8961893916130066,,
,,,,,180,723,,,,,0.6461916565895081,0.9084110260009766
,,,,,180,723,,,0.6382755041122437,0.8814116716384888,,
,,,,,181,727,,,,,0.6633906364440918,0.8965203166007996
,,,,,181,727,,,0.6366981863975525,0.8716443777084351,,
,,,,,182,731,,,,,0.6560196280479431,0.8903396129608154
,,,,,182,731,,,0.6309148073196411,0.8910503387451172,,
,,,,,183,735,,,,,0.6117936372756958,0.9134623408317566
,,,,,183,735,,,0.6267087459564209,0.8876559138298035,,
,,,,,184,739,,,,,0.6191646456718445,0.9465047121047974
,,,,,184,739,,,0.6335436105728149,0.8826982378959656,,
,,,,,185,743,,,,,0.665847659111023,0.9079506397247314
,,,,,185,743,,,0.6403785347938538,0.8902721405029297,,
,,,,,186,747,,,,,0.6511056423187256,0.9152379631996155
,,,,,186,747,,,0.6214510798454285,0.8872832655906677,,
,,,,,187,751,,,,,0.6412776708602905,0.9036572575569153
,,,,,187,751,,,0.6225026249885559,0.9061421751976013,,
,,,,,188,755,,,,,0.6142506003379822,0.9158293008804321
,,,,,188,755,,,0.6419558525085449,0.879660964012146,,
,,,,,189,759,,,,,0.6511056423187256,0.8953748941421509
,,,,,189,759,,,0.6335436105728149,0.8824652433395386,,
,,,,,190,763,,,,,0.6486486196517944,0.9123451113700867
,,,,,190,763,,,0.6293375492095947,0.8855828642845154,,
,,,,,191,767,,,,,0.6289926171302795,0.879052460193634
,,,,,191,767,,,0.6409043073654175,0.8933521509170532,,
,,,,,192,771,,,,,0.6314496397972107,0.8998788595199585
,,,,,192,771,,,0.6193480491638184,0.9127592444419861,,
,,,,,193,775,,,,,0.6117936372756958,0.9685743451118469
,,,,,193,775,,,0.6519452929496765,0.8739309310913086,,
,,,,,194,779,,,,,0.6289926171302795,0.912565290927887
,,,,,194,779,,,0.644058883190155,0.867592453956604,,
,,,,,195,783,,,,,0.687960684299469,0.9028967618942261
,,,,,195,783,,,0.633017897605896,0.8716753721237183,,
,,,,,196,787,,,,,0.6707616448402405,0.9131234884262085
,,,,,196,787,,,0.6298633217811584,0.8840238451957703,,
,,,,,197,791,,,,,0.6609336733818054,0.9177181720733643
,,,,,197,791,,,0.6193480491638184,0.8974152207374573,,
,,,,,198,795,,,,,0.6191646456718445,0.9122173190116882
,,,,,198,795,,,0.6172450184822083,0.9025465846061707,,
,,,,,199,799,,,,,0.6191646456718445,0.9202376008033752
,,,,,199,799,,,0.6209253668785095,0.9251986742019653,,
,,,,,200,803,,,,,0.6732186675071716,0.9030159711837769
,,,,,200,803,,,0.6282860040664673,0.897483766078949,,
,,,,,201,807,,,,,0.6167076230049133,0.9332961440086365
,,,,,201,807,,,0.6335436105728149,0.8979556560516357,,
,,,,,202,811,,,,,0.6412776708602905,0.9461056590080261
,,,,,202,811,,,0.657202959060669,0.8731333613395691,,
,,,,,203,815,,,,,0.6265356540679932,0.9162191152572632
,,,,,203,815,,,0.6309148073196411,0.8995607495307922,,
,,,,,204,819,,,,,0.6289926171302795,0.9051116108894348
,,,,,204,819,,,0.64826500415802,0.8644917011260986,,
,,,,,205,823,,,,,0.6461916565895081,0.9157573580741882
,,,,,205,823,,,0.6351209282875061,0.8974151611328125,,
,,,,,206,827,,,,,0.6216216087341309,0.8942803740501404
,,,,,206,827,,,0.6414300799369812,0.8675548434257507,,
,,,,,207,831,,,,,0.5921375751495361,0.9810261130332947
,,,,,207,831,,,0.633017897605896,0.9044836163520813,,
,,,,,208,835,,,,,0.6339066624641418,0.9222086071968079
,,,,,208,835,,,0.6498422622680664,0.8835633397102356,,
,,,,,209,839,,,,,0.6363636255264282,0.9272283315658569
,,,,,209,839,,,0.6445846557617188,0.8667955994606018,,
,,,,,210,843,,,,,0.624078631401062,0.9892727136611938
,,,,,210,843,,,0.63985276222229,0.8806422352790833,,
,,,,,211,847,,,,,0.6191646456718445,0.9173993468284607
,,,,,211,847,,,0.6319663524627686,0.8839459419250488,,
,,,,,212,851,,,,,0.5429975390434265,0.9849650263786316
,,,,,212,851,,,0.644058883190155,0.8724220991134644,,
,,,,,213,855,,,,,0.6167076230049133,0.9062725901603699
,,,,,213,855,,,0.6156677007675171,0.9179275631904602,,
,,,,,214,859,,,,,0.6044226288795471,0.9848422408103943
,,,,,214,859,,,0.633017897605896,0.8962692618370056,,
,,,,,215,863,,,,,0.5995085835456848,0.9182867407798767
,,,,,215,863,,,0.6293375492095947,0.9015375375747681,,
,,,,,216,867,,,,,0.6412776708602905,0.9027924537658691
,,,,,216,867,,,0.6445846557617188,0.8708840012550354,,
,,,,,217,871,,,,,0.5995085835456848,0.9392321705818176
,,,,,217,871,,,0.628811776638031,0.8769609928131104,,
,,,,,218,875,,,,,0.6117936372756958,0.907416045665741
,,,,,218,875,,,0.6472134590148926,0.8954654335975647,,
,,,,,219,879,,,,,0.6191646456718445,0.940094530582428
,,,,,219,879,,,0.6345951557159424,0.8953227400779724,,
,,,,,220,883,,,,,0.6732186675071716,0.9044660329818726
,,,,,220,883,,,0.628811776638031,0.8915007710456848,,
,,,,,221,887,,,,,0.6339066624641418,0.9068559408187866
,,,,,221,887,,,0.6372239589691162,0.8660561442375183,,
,,,,,222,891,,,,,0.687960684299469,0.8873150944709778
,,,,,222,891,,,0.6424816250801086,0.862870991230011,,
,,,,,223,895,,,,,0.6412776708602905,0.8689737319946289
,,,,,223,895,,,0.6587802171707153,0.8482194542884827,,
,,,,,224,899,,,,,0.6511056423187256,0.8950966000556946
,,,,,224,899,,,0.6561514139175415,0.8506895303726196,,
,,,,,225,903,,,,,0.6167076230049133,0.9105509519577026
,,,,,225,903,,,0.659305989742279,0.8539646863937378,,
,,,,,226,907,,,,,0.687960684299469,0.8652534484863281
,,,,,226,907,,,0.6340693831443787,0.864074170589447,,
,,,,,227,911,,,,,0.6560196280479431,0.913085401058197
,,,,,227,911,,,0.6388012766838074,0.865852952003479,,
,,,,,228,915,,,,,0.6363636255264282,0.9104985594749451
,,,,,228,915,,,0.6508938074111938,0.8581117391586304,,
,,,,,229,919,,,,,0.6191646456718445,0.9114733338356018
,,,,,229,919,,,0.6508938074111938,0.8560968637466431,,
,,,,,230,923,,,,,0.6560196280479431,0.8871476650238037
,,,,,230,923,,,0.6472134590148926,0.8563408255577087,,
,,,,,231,927,,,,,0.6167076230049133,0.9033441543579102
,,,,,231,927,,,0.6514195799827576,0.8457620143890381,,
,,,,,232,931,,,,,0.6535626649856567,0.8827587962150574
,,,,,232,931,,,0.6351209282875061,0.866108238697052,,
,,,,,233,935,,,,,0.6904177069664001,0.8910319805145264
,,,,,233,935,,,0.6461619138717651,0.8537725806236267,,
,,,,,234,939,,,,,0.6732186675071716,0.8863185048103333
,,,,,234,939,,,0.6251314282417297,0.8849219083786011,,
,,,,,235,943,,,,,0.6535626649856567,0.8709803223609924
,,,,,235,943,,,0.6345951557159424,0.8672593235969543,,
,,,,,236,947,,,,,0.6683046817779541,0.8755092024803162
,,,,,236,947,,,0.6498422622680664,0.8497620224952698,,
,,,,,237,951,,,,,0.665847659111023,0.8611160516738892
,,,,,237,951,,,0.6524710655212402,0.8400984406471252,,
,,,,,238,955,,,,,0.6756756901741028,0.8795949816703796
,,,,,238,955,,,0.6514195799827576,0.8494085073471069,,
,,,,,239,959,,,,,0.6928746700286865,0.8551486730575562
,,,,,239,959,,,0.6472134590148926,0.8517285585403442,,
,,,,,240,963,,,,,0.6339066624641418,0.9127965569496155
,,,,,240,963,,,0.6540483832359314,0.8458718657493591,,
,,,,,241,967,,,,,0.6167076230049133,0.8972885012626648
,,,,,241,967,,,0.6577287316322327,0.8426820635795593,,
,,,,,242,971,,,,,0.6535626649856567,0.8985682725906372
,,,,,242,971,,,0.6445846557617188,0.850132167339325,,
,,,,,243,975,,,,,0.6191646456718445,0.8972290754318237
,,,,,243,975,,,0.6671923995018005,0.8390665650367737,,
,,,,,244,979,,,,,0.6437346339225769,0.8806212544441223
,,,,,244,979,,,0.6451104283332825,0.8495254516601562,,
,,,,,245,983,,,,,0.6117936372756958,0.9031419157981873
,,,,,245,983,,,0.6414300799369812,0.858837366104126,,
,,,,,246,987,,,,,0.6388206481933594,0.87454754114151
,,,,,246,987,,,0.657202959060669,0.8326137065887451,,
,,,,,247,991,,,,,0.6461916565895081,0.8720734119415283
,,,,,247,991,,,0.6472134590148926,0.8478339910507202,,
,,,,,248,995,,,,,0.6216216087341309,0.9093179702758789
,,,,,248,995,,,0.6671923995018005,0.8269482254981995,,
,,,,,249,999,,,,,0.6560196280479431,0.8623664975166321
,,,,,249,999,,,0.6603575348854065,0.8413965106010437,,
,,,,,250,1003,,,,,0.6363636255264282,0.868001401424408
,,,,,250,1003,,,0.6587802171707153,0.8474835157394409,,
,,,,,251,1007,,,,,0.6437346339225769,0.8636009097099304
,,,,,251,1007,,,0.6614090204238892,0.8215857148170471,,
,,,,,252,1011,,,,,0.6339066624641418,0.8913989663124084
,,,,,252,1011,,,0.6477392315864563,0.8438275456428528,,
,,,,,253,1015,,,,,0.5847665667533875,1.0506973266601562
,,,,,253,1015,,,0.668243944644928,0.8376022577285767,,
,,,,,254,1019,,,,,0.601965606212616,1.0115578174591064
,,,,,254,1019,,,0.6435331106185913,0.863266110420227,,
,,,,,255,1023,,,,,0.5970516204833984,0.9254546165466309
,,,,,255,1023,,,0.6382755041122437,0.898682713508606,,
,,,,,256,1027,,,,,0.5823096036911011,1.0148401260375977
,,,,,256,1027,,,0.6167192459106445,0.919046938419342,,
,,,,,257,1031,,,,,0.5921375751495361,0.9498065114021301
,,,,,257,1031,,,0.6472134590148926,0.8720465898513794,,
,,,,,258,1035,,,,,0.6339066624641418,0.9136893153190613
,,,,,258,1035,,,0.6540483832359314,0.8586495518684387,,
,,,,,259,1039,,,,,0.6486486196517944,0.8555702567100525
,,,,,259,1039,,,0.6393270492553711,0.8763585090637207,,
,,,,,260,1043,,,,,0.6363636255264282,0.8898628950119019
,,,,,260,1043,,,0.6372239589691162,0.8745026588439941,,
,,,,,261,1047,,,,,0.6339066624641418,0.8907305598258972
,,,,,261,1047,,,0.6508938074111938,0.8433343172073364,,
,,,,,262,1051,,,,,0.6265356540679932,0.9232640862464905
,,,,,262,1051,,,0.6356467008590698,0.867569625377655,,
,,,,,263,1055,,,,,0.5847665667533875,0.9884559512138367
,,,,,263,1055,,,0.6503680348396301,0.8591632843017578,,
,,,,,264,1059,,,,,0.6216216087341309,0.9527393579483032
,,,,,264,1059,,,0.6293375492095947,0.9049015641212463,,
,,,,,265,1063,,,,,0.6117936372756958,1.0053328275680542
,,,,,265,1063,,,0.6414300799369812,0.8663416504859924,,
,,,,,266,1067,,,,,0.6191646456718445,0.8994501233100891
,,,,,266,1067,,,0.6451104283332825,0.8537509441375732,,
,,,,,267,1071,,,,,0.6683046817779541,0.8697048425674438
,,,,,267,1071,,,0.64826500415802,0.8663714528083801,,
,,,,,268,1075,,,,,0.6314496397972107,0.942205548286438
,,,,,268,1075,,,0.6435331106185913,0.8623427748680115,,
,,,,,269,1079,,,,,0.6756756901741028,0.853155255317688
,,,,,269,1079,,,0.6540483832359314,0.8398635387420654,,
,,,,,270,1083,,,,,0.6830466985702515,0.862224280834198
,,,,,270,1083,,,0.6414300799369812,0.857643187046051,,
,,,,,271,1087,,,,,0.665847659111023,0.9007085561752319
,,,,,271,1087,,,0.6498422622680664,0.8476237654685974,,
,,,,,272,1091,,,,,0.6511056423187256,0.883159339427948
,,,,,272,1091,,,0.6545741558074951,0.8442342877388,,
,,,,,273,1095,,,,,0.6461916565895081,0.8656138777732849
,,,,,273,1095,,,0.6703469753265381,0.8237680792808533,,
,,,,,274,1099,,,,,0.6363636255264282,0.8864763975143433
,,,,,274,1099,,,0.668243944644928,0.821512758731842,,
,,,,,275,1103,,,,,0.687960684299469,0.8703368902206421
,,,,,275,1103,,,0.6550998687744141,0.8241025805473328,,
,,,,,276,1107,,,,,0.6388206481933594,0.8689203262329102
,,,,,276,1107,,,0.6545741558074951,0.822178065776825,,
,,,,,277,1111,,,,,0.6609336733818054,0.8707975745201111
,,,,,277,1111,,,0.659305989742279,0.8213180303573608,,
,,,,,278,1115,,,,,0.6511056423187256,0.8727853298187256
,,,,,278,1115,,,0.6577287316322327,0.8460967540740967,,
,,,,,279,1119,,,,,0.687960684299469,0.8501024842262268
,,,,,279,1119,,,0.6719242930412292,0.8100771903991699,,
,,,,,280,1123,,,,,0.6830466985702515,0.8596851825714111
,,,,,280,1123,,,0.6461619138717651,0.8397765755653381,,
,,,,,281,1127,,,,,0.7027027010917664,0.8486922979354858
,,,,,281,1127,,,0.6787592172622681,0.8119368553161621,,
,,,,,282,1131,,,,,0.6633906364440918,0.8616112470626831
,,,,,282,1131,,,0.6561514139175415,0.8312641978263855,,
,,,,,283,1135,,,,,0.6511056423187256,0.9754921197891235
,,,,,283,1135,,,0.6603575348854065,0.8213765025138855,,
,,,,,284,1139,,,,,0.6461916565895081,0.9152030944824219
,,,,,284,1139,,,0.652996838092804,0.8308928608894348,,
,,,,,285,1143,,,,,0.6412776708602905,0.901939868927002
,,,,,285,1143,,,0.652996838092804,0.8390570878982544,,
,,,,,286,1147,,,,,0.6388206481933594,0.8944604396820068
,,,,,286,1147,,,0.6466876864433289,0.8486964702606201,,
,,,,,287,1151,,,,,0.665847659111023,0.876171886920929
,,,,,287,1151,,,0.6514195799827576,0.838044285774231,,
,,,,,288,1155,,,,,0.6781326532363892,0.857416570186615
,,,,,288,1155,,,0.6582544445991516,0.8433234691619873,,
,,,,,289,1159,,,,,0.6560196280479431,0.8566604852676392
,,,,,289,1159,,,0.6619347929954529,0.8359715938568115,,
,,,,,290,1163,,,,,0.6289926171302795,0.9604274034500122
,,,,,290,1163,,,0.6603575348854065,0.8189027309417725,,
,,,,,291,1167,,,,,0.6339066624641418,0.8908254504203796
,,,,,291,1167,,,0.668243944644928,0.8332834243774414,,
,,,,,292,1171,,,,,0.5872235894203186,0.9530795812606812
,,,,,292,1171,,,0.6561514139175415,0.8180449604988098,,
,,,,,293,1175,,,,,0.6044226288795471,0.9681593179702759
,,,,,293,1175,,,0.6677181720733643,0.8352609872817993,,
,,,,,294,1179,,,,,0.5970516204833984,0.9617925882339478
,,,,,294,1179,,,0.6556256413459778,0.8370717167854309,,
,,,,,295,1183,,,,,0.6216216087341309,1.0570305585861206
,,,,,295,1183,,,0.6519452929496765,0.8435583710670471,,
,,,,,296,1187,,,,,0.601965606212616,0.9329742789268494
,,,,,296,1187,,,0.6435331106185913,0.8610597848892212,,
,,,,,297,1191,,,,,0.6339066624641418,0.9218255281448364
,,,,,297,1191,,,0.6677181720733643,0.820420503616333,,
,,,,,298,1195,,,,,0.5798525810241699,1.0616264343261719
,,,,,298,1195,,,0.6713985204696655,0.8175606727600098,,
,,,,,299,1199,,,,,0.6609336733818054,0.8631132245063782
,,,,,299,1199,,,0.6556256413459778,0.8192638158798218,,
,,,,,300,1203,,,,,0.5872235894203186,1.0996873378753662
,,,,,300,1203,,,0.6713985204696655,0.8088472485542297,,
,,,,,301,1207,,,,,0.5945945978164673,1.0347687005996704
,,,,,301,1207,,,0.6535226106643677,0.8450832962989807,,
,,,,,302,1211,,,,,0.5847665667533875,0.9916417002677917
,,,,,302,1211,,,0.6550998687744141,0.8283861875534058,,
,,,,,303,1215,,,,,0.6093366146087646,1.0175524950027466
,,,,,303,1215,,,0.6372239589691162,0.8499281406402588,,
,,,,,304,1219,,,,,0.6314496397972107,0.8958725333213806
,,,,,304,1219,,,0.6451104283332825,0.8429903388023376,,
,,,,,305,1223,,,,,0.6412776708602905,0.9099387526512146
,,,,,305,1223,,,0.6666666865348816,0.8264400959014893,,
,,,,,306,1227,,,,,0.6756756901741028,0.8688424229621887
,,,,,306,1227,,,0.6614090204238892,0.8250893950462341,,
,,,,,307,1231,,,,,0.6216216087341309,0.9068790674209595
,,,,,307,1231,,,0.6577287316322327,0.8176572918891907,,
,,,,,308,1235,,,,,0.6167076230049133,0.9127969741821289
,,,,,308,1235,,,0.6645635962486267,0.8162659406661987,,
,,,,,309,1239,,,,,0.687960684299469,0.8474655151367188
,,,,,309,1239,,,0.668243944644928,0.8133963346481323,,
,,,,,310,1243,,,,,0.5896806120872498,0.9045121669769287
,,,,,310,1243,,,0.652996838092804,0.8220703601837158,,
,,,,,311,1247,,,,,0.6265356540679932,0.8839206099510193
,,,,,311,1247,,,0.6687697172164917,0.8331685066223145,,
,,,,,312,1251,,,,,0.6093366146087646,0.9377734661102295
,,,,,312,1251,,,0.6472134590148926,0.8516635894775391,,
,,,,,313,1255,,,,,0.6412776708602905,0.9165748357772827
,,,,,313,1255,,,0.6577287316322327,0.8316048383712769,,
,,,,,314,1259,,,,,0.6633906364440918,0.8664329051971436
,,,,,314,1259,,,0.6656151413917542,0.8119152188301086,,
,,,,,315,1263,,,,,0.6388206481933594,0.9037284851074219
,,,,,315,1263,,,0.6703469753265381,0.8153902292251587,,
,,,,,316,1267,,,,,0.6265356540679932,0.9026752710342407
,,,,,316,1267,,,0.6640378832817078,0.8323073983192444,,
,,,,,317,1271,,,,,0.6167076230049133,0.9275906085968018
,,,,,317,1271,,,0.659305989742279,0.8140623569488525,,
,,,,,318,1275,,,,,0.6314496397972107,0.9096243977546692
,,,,,318,1275,,,0.672450065612793,0.7942289113998413,,
,,,,,319,1279,,,,,0.5896806120872498,0.9941084384918213
,,,,,319,1279,,,0.6577287316322327,0.8334633708000183,,
,,,,,320,1283,,,,,0.6388206481933594,0.9172976016998291
,,,,,320,1283,,,0.6598317623138428,0.8415396809577942,,
,,,,,321,1287,,,,,0.6265356540679932,0.9799670577049255
,,,,,321,1287,,,0.6556256413459778,0.8385539054870605,,
,,,,,322,1291,,,,,0.6683046817779541,0.8572635054588318
,,,,,322,1291,,,0.6556256413459778,0.8329310417175293,,
,,,,,323,1295,,,,,0.6633906364440918,0.8440884947776794
,,,,,323,1295,,,0.6698212623596191,0.8123328685760498,,
,,,,,324,1299,,,,,0.5970516204833984,1.011837124824524
,,,,,324,1299,,,0.6692954897880554,0.8034558892250061,,
,,,,,325,1303,,,,,0.6191646456718445,0.9150103330612183
,,,,,325,1303,,,0.6519452929496765,0.8378212451934814,,
,,,,,326,1307,,,,,0.6289926171302795,0.8818721771240234
,,,,,326,1307,,,0.6692954897880554,0.8180075883865356,,
,,,,,327,1311,,,,,0.6289926171302795,0.9719990491867065
,,,,,327,1311,,,0.6608833074569702,0.8267961740493774,,
,,,,,328,1315,,,,,0.687960684299469,0.8352254629135132
,,,,,328,1315,,,0.6719242930412292,0.7965988516807556,,
,,,,,329,1319,,,,,0.6511056423187256,0.9062685370445251
,,,,,329,1319,,,0.6629863381385803,0.8065743446350098,,
,,,,,330,1323,,,,,0.6732186675071716,0.8665786385536194
,,,,,330,1323,,,0.6372239589691162,0.8345634341239929,,
,,,,,331,1327,,,,,0.6437346339225769,0.8586878776550293
,,,,,331,1327,,,0.6750788688659668,0.8015812039375305,,
,,,,,332,1331,,,,,0.665847659111023,0.8555561900138855
,,,,,332,1331,,,0.6619347929954529,0.8119545578956604,,
,,,,,333,1335,,,,,0.6363636255264282,0.873754620552063
,,,,,333,1335,,,0.6719242930412292,0.8103803992271423,,
,,,,,334,1339,,,,,0.5872235894203186,1.0649471282958984
,,,,,334,1339,,,0.6729758381843567,0.7901419997215271,,
,,,,,335,1343,,,,,0.6511056423187256,0.8598591685295105
,,,,,335,1343,,,0.6608833074569702,0.828999400138855,,
,,,,,336,1347,,,,,0.6314496397972107,0.8508945107460022
,,,,,336,1347,,,0.6550998687744141,0.8040849566459656,,
,,,,,337,1351,,,,,0.665847659111023,0.8696390986442566
,,,,,337,1351,,,0.6519452929496765,0.8355624079704285,,
,,,,,338,1355,,,,,0.6461916565895081,0.8741002678871155
,,,,,338,1355,,,0.6430073380470276,0.8327325582504272,,
,,,,,339,1359,,,,,0.6805896759033203,0.8829158544540405
,,,,,339,1359,,,0.6661409139633179,0.8035504221916199,,
,,,,,340,1363,,,,,0.624078631401062,0.8979215025901794
,,,,,340,1363,,,0.6629863381385803,0.8074798583984375,,
,,,,,341,1367,,,,,0.6339066624641418,1.0264378786087036
,,,,,341,1367,,,0.6388012766838074,0.8547517657279968,,
,,,,,342,1371,,,,,0.6117936372756958,0.9335853457450867
,,,,,342,1371,,,0.648790717124939,0.8281230926513672,,
,,,,,343,1375,,,,,0.6142506003379822,0.8745889663696289
,,,,,343,1375,,,0.6703469753265381,0.799241840839386,,
,,,,,344,1379,,,,,0.6044226288795471,0.9853740334510803
,,,,,344,1379,,,0.6666666865348816,0.7993893623352051,,
,,,,,345,1383,,,,,0.6461916565895081,0.886078953742981
,,,,,345,1383,,,0.6735015511512756,0.7883573770523071,,
,,,,,346,1387,,,,,0.6756756901741028,0.823706328868866
,,,,,346,1387,,,0.6603575348854065,0.8321690559387207,,
,,,,,347,1391,,,,,0.6314496397972107,0.8841843605041504
,,,,,347,1391,,,0.6687697172164917,0.8183021545410156,,
,,,,,348,1395,,,,,0.5945945978164673,0.9281007647514343
,,,,,348,1395,,,0.644058883190155,0.8382894396781921,,
,,,,,349,1399,,,,,0.6265356540679932,0.9796214699745178
,,,,,349,1399,,,0.6577287316322327,0.8366460204124451,,
,,,,,350,1403,,,,,0.6756756901741028,0.8571085929870605
,,,,,350,1403,,,0.63985276222229,0.885466456413269,,
,,,,,351,1407,,,,,0.5773955583572388,1.3861368894577026
,,,,,351,1407,,,0.6550998687744141,0.8345687985420227,,
,,,,,352,1411,,,,,0.6216216087341309,1.0446245670318604
,,,,,352,1411,,,0.6461619138717651,0.8334007859230042,,
,,,,,353,1415,,,,,0.665847659111023,0.8389274477958679
,,,,,353,1415,,,0.6629863381385803,0.8148878216743469,,
,,,,,354,1419,,,,,0.665847659111023,0.8548851013183594
,,,,,354,1419,,,0.6645635962486267,0.8271663784980774,,
,,,,,355,1423,,,,,0.6781326532363892,0.8794450163841248
,,,,,355,1423,,,0.6666666865348816,0.797200620174408,,
,,,,,356,1427,,,,,0.6732186675071716,0.8547163605690002
,,,,,356,1427,,,0.6619347929954529,0.814781904220581,,
,,,,,357,1431,,,,,0.6339066624641418,0.8790744543075562
,,,,,357,1431,,,0.6761304140090942,0.7995362281799316,,
,,,,,358,1435,,,,,0.6388206481933594,0.8694809079170227
,,,,,358,1435,,,0.6740273237228394,0.7924101948738098,,
,,,,,359,1439,,,,,0.6928746700286865,0.8433412909507751
,,,,,359,1439,,,0.6671923995018005,0.8073757290840149,,
,,,,,360,1443,,,,,0.6289926171302795,0.9951927661895752
,,,,,360,1443,,,0.652996838092804,0.82294100522995,,
,,,,,361,1447,,,,,0.6363636255264282,0.883419394493103
,,,,,361,1447,,,0.6713985204696655,0.7880260944366455,,
,,,,,362,1451,,,,,0.6363636255264282,1.0449546575546265
,,,,,362,1451,,,0.6687697172164917,0.7994399070739746,,
,,,,,363,1455,,,,,0.5798525810241699,0.9927570819854736
,,,,,363,1455,,,0.668243944644928,0.8157669901847839,,
,,,,,364,1459,,,,,0.6289926171302795,1.0131075382232666
,,,,,364,1459,,,0.6619347929954529,0.80930495262146,,
,,,,,365,1463,,,,,0.6756756901741028,0.8221328258514404
,,,,,365,1463,,,0.6619347929954529,0.8088236451148987,,
,,,,,366,1467,,,,,0.6756756901741028,0.8134339451789856
,,,,,366,1467,,,0.659305989742279,0.8239373564720154,,
,,,,,367,1471,,,,,0.6805896759033203,0.8600829839706421
,,,,,367,1471,,,0.6750788688659668,0.7903163433074951,,
,,,,,368,1475,,,,,0.6609336733818054,0.8478031158447266
,,,,,368,1475,,,0.6798107028007507,0.7971607446670532,,
,,,,,369,1479,,,,,0.6314496397972107,0.8676589131355286
,,,,,369,1479,,,0.6740273237228394,0.7987738847732544,,
,,,,,370,1483,,,,,0.6781326532363892,0.8388318419456482
,,,,,370,1483,,,0.672450065612793,0.8173402547836304,,
,,,,,371,1487,,,,,0.5823096036911011,1.083237886428833
,,,,,371,1487,,,0.6761304140090942,0.8048182725906372,,
,,,,,372,1491,,,,,0.6511056423187256,0.8759360909461975
,,,,,372,1491,,,0.6808622479438782,0.7812678217887878,,
,,,,,373,1495,,,,,0.6855036616325378,0.8364102840423584
,,,,,373,1495,,,0.6687697172164917,0.7897711396217346,,
,,,,,374,1499,,,,,0.6560196280479431,0.8665173053741455
,,,,,374,1499,,,0.6566771864891052,0.8141264319419861,,
,,,,,375,1503,,,,,0.5896806120872498,1.0742641687393188
,,,,,375,1503,,,0.6508938074111938,0.8385307192802429,,
,,,,,376,1507,,,,,0.5823096036911011,1.3356423377990723
,,,,,376,1507,,,0.64826500415802,0.8312862515449524,,
,,,,,377,1511,,,,,0.601965606212616,0.9597805142402649
,,,,,377,1511,,,0.6782334446907043,0.8048145174980164,,
,,,,,378,1515,,,,,0.5896806120872498,0.9792582392692566
,,,,,378,1515,,,0.6556256413459778,0.8211820721626282,,
,,,,,379,1519,,,,,0.6707616448402405,0.840298593044281
,,,,,379,1519,,,0.6598317623138428,0.8195810317993164,,
,,,,,380,1523,,,,,0.6388206481933594,0.8713300824165344
,,,,,380,1523,,,0.6713985204696655,0.7843703031539917,,
,,,,,381,1527,,,,,0.6707616448402405,0.8435320854187012
,,,,,381,1527,,,0.6703469753265381,0.7935442328453064,,
,,,,,382,1531,,,,,0.687960684299469,0.8274917006492615
,,,,,382,1531,,,0.6624605655670166,0.8037355542182922,,
,,,,,383,1535,,,,,0.6117936372756958,1.1955643892288208
,,,,,383,1535,,,0.6729758381843567,0.7913857102394104,,
,,,,,384,1539,,,,,0.665847659111023,0.8383120894432068
,,,,,384,1539,,,0.6861198544502258,0.8008507490158081,,
,,,,,385,1543,,,,,0.6486486196517944,0.9749183058738708
,,,,,385,1543,,,0.6740273237228394,0.8066920042037964,,
,,,,,386,1547,,,,,0.5921375751495361,0.9945975542068481
,,,,,386,1547,,,0.6645635962486267,0.804988443851471,,
,,,,,387,1551,,,,,0.6855036616325378,0.8418692946434021
,,,,,387,1551,,,0.6750788688659668,0.786260724067688,,
,,,,,388,1555,,,,,0.6953316926956177,0.8101435303688049
,,,,,388,1555,,,0.6777076721191406,0.7673704624176025,,
,,,,,389,1559,,,,,0.6437346339225769,0.8874542713165283
,,,,,389,1559,,,0.6698212623596191,0.7773056626319885,,
,,,,,390,1563,,,,,0.6265356540679932,0.8928020000457764
,,,,,390,1563,,,0.6761304140090942,0.783920407295227,,
,,,,,391,1567,,,,,0.6068795919418335,1.0163244009017944
,,,,,391,1567,,,0.6656151413917542,0.824539303779602,,
,,,,,392,1571,,,,,0.6855036616325378,0.8033511638641357
,,,,,392,1571,,,0.6792849898338318,0.7962987422943115,,
,,,,,393,1575,,,,,0.6855036616325378,0.8315490484237671
,,,,,393,1575,,,0.6456362009048462,0.8213436007499695,,
,,,,,394,1579,,,,,0.6314496397972107,0.9195705056190491
,,,,,394,1579,,,0.6808622479438782,0.7786530256271362,,
,,,,,395,1583,,,,,0.624078631401062,0.9407334923744202
,,,,,395,1583,,,0.6335436105728149,0.8522969484329224,,
,,,,,396,1587,,,,,0.665847659111023,0.8966058492660522
,,,,,396,1587,,,0.6561514139175415,0.8221994042396545,,
,,,,,397,1591,,,,,0.6044226288795471,1.0287396907806396
,,,,,397,1591,,,0.6903259754180908,0.7814842462539673,,
,,,,,398,1595,,,,,0.6167076230049133,0.896512508392334
,,,,,398,1595,,,0.6713985204696655,0.8091453313827515,,
,,,,,399,1599,,,,,0.6486486196517944,0.9055771231651306
,,,,,399,1599,,,0.6782334446907043,0.7771701216697693,,
,,,,,400,1603,,,,,0.6486486196517944,0.8849048018455505
,,,,,400,1603,,,0.6703469753265381,0.7969441413879395,,
,,,,,401,1607,,,,,0.665847659111023,0.8385980725288391
,,,,,401,1607,,,0.6719242930412292,0.7903494834899902,,
,,,,,402,1611,,,,,0.5700245499610901,1.1452617645263672
,,,,,402,1611,,,0.6819137930870056,0.7882383465766907,,
,,,,,403,1612,,,,,0.6191646456718445,0.9082064032554626
,,,,,403,1612,,,0.646484375,0.8421838283538818,,
0.7785235047340393,0.78125,0.5833333134651184,0.5479452013969421,0.4444444477558136,404,1613,0.6577017307281494,0.8388315439224243,,,,
