class_0_acc,class_1_acc,class_2_acc,class_3_acc,class_4_acc,class_5_acc,class_6_acc,class_7_acc,class_8_acc,class_9_acc,epoch,step,test_acc,test_loss,train_acc_epoch,train_loss_epoch,val_acc,val_loss
,,,,,,,,,,0,3,,,,,0.17031630873680115,2.311093330383301
,,,,,,,,,,0,3,,,0.1503642052412033,2.2511539459228516,,
,,,,,,,,,,1,7,,,,,0.20437955856323242,2.2676968574523926
,,,,,,,,,,1,7,,,0.2497398555278778,2.0958216190338135,,
,,,,,,,,,,2,11,,,,,0.2092457413673401,2.1686222553253174
,,,,,,,,,,2,11,,,0.2882414162158966,2.012362480163574,,
,,,,,,,,,,3,15,,,,,0.29197078943252563,2.0298218727111816
,,,,,,,,,,3,15,,,0.29604578018188477,1.9384565353393555,,
,,,,,,,,,,4,19,,,,,0.30170315504074097,1.920485019683838
,,,,,,,,,,4,19,,,0.30593132972717285,1.8765252828598022,,
,,,,,,,,,,5,23,,,,,0.3260340690612793,1.8401585817337036
,,,,,,,,,,5,23,,,0.3470343351364136,1.8252393007278442,,
,,,,,,,,,,6,27,,,,,0.3333333432674408,1.7626419067382812
,,,,,,,,,,6,27,,,0.3303850293159485,1.7873610258102417,,
,,,,,,,,,,7,31,,,,,0.3479318618774414,1.7232038974761963
,,,,,,,,,,7,31,,,0.36316338181495667,1.7335619926452637,,
,,,,,,,,,,8,35,,,,,0.38686132431030273,1.6615105867385864
,,,,,,,,,,8,35,,,0.37304890155792236,1.6955724954605103,,
,,,,,,,,,,9,39,,,,,0.3965936601161957,1.6187776327133179
,,,,,,,,,,9,39,,,0.3714880347251892,1.6522374153137207,,
,,,,,,,,,,10,43,,,,,0.38929441571235657,1.5995173454284668
,,,,,,,,,,10,43,,,0.38241416215896606,1.621004343032837,,
,,,,,,,,,,11,47,,,,,0.38199514150619507,1.5612189769744873
,,,,,,,,,,11,47,,,0.3782518208026886,1.5930724143981934,,
,,,,,,,,,,12,51,,,,,0.37956205010414124,1.5424655675888062
,,,,,,,,,,12,51,,,0.37981268763542175,1.5587352514266968,,
,,,,,,,,,,13,55,,,,,0.3990267515182495,1.5142959356307983
,,,,,,,,,,13,55,,,0.38969823718070984,1.5372860431671143,,
,,,,,,,,,,14,59,,,,,0.38929441571235657,1.487917423248291
,,,,,,,,,,14,59,,,0.40270552039146423,1.5045819282531738,,
,,,,,,,,,,15,63,,,,,0.38929441571235657,1.4698705673217773
,,,,,,,,,,15,63,,,0.41259104013442993,1.488983392715454,,
,,,,,,,,,,16,67,,,,,0.39416059851646423,1.454863429069519
,,,,,,,,,,16,67,,,0.39646202325820923,1.4791418313980103,,
,,,,,,,,,,17,71,,,,,0.38929441571235657,1.4387367963790894
,,,,,,,,,,17,71,,,0.41831424832344055,1.4482107162475586,,
,,,,,,,,,,18,75,,,,,0.37956205010414124,1.417363166809082
,,,,,,,,,,18,75,,,0.409989595413208,1.4305205345153809,,
,,,,,,,,,,19,79,,,,,0.37226277589797974,1.4002556800842285
,,,,,,,,,,19,79,,,0.41571280360221863,1.4179623126983643,,
,,,,,,,,,,20,83,,,,,0.38199514150619507,1.389665126800537
,,,,,,,,,,20,83,,,0.42819979786872864,1.3979326486587524,,
,,,,,,,,,,21,87,,,,,0.38929441571235657,1.3768115043640137
,,,,,,,,,,21,87,,,0.41831424832344055,1.3800318241119385,,
,,,,,,,,,,22,91,,,,,0.40145984292030334,1.366193413734436
,,,,,,,,,,22,91,,,0.42507803440093994,1.3731223344802856,,
,,,,,,,,,,23,95,,,,,0.4136252999305725,1.3577312231063843
,,,,,,,,,,23,95,,,0.43080124258995056,1.3592700958251953,,
,,,,,,,,,,24,99,,,,,0.3771289587020874,1.3532593250274658
,,,,,,,,,,24,99,,,0.42507803440093994,1.3533506393432617,,
,,,,,,,,,,25,103,,,,,0.4257907569408417,1.338299036026001
,,,,,,,,,,25,103,,,0.434963583946228,1.3400840759277344,,
,,,,,,,,,,26,107,,,,,0.40875911712646484,1.3384250402450562
,,,,,,,,,,26,107,,,0.4386056065559387,1.3372085094451904,,
,,,,,,,,,,27,111,,,,,0.43795621395111084,1.316505789756775
,,,,,,,,,,27,111,,,0.43392300605773926,1.3318299055099487,,
,,,,,,,,,,28,115,,,,,0.3965936601161957,1.3112653493881226
,,,,,,,,,,28,115,,,0.43444329500198364,1.326176643371582,,
,,,,,,,,,,29,119,,,,,0.4111922085285187,1.3025742769241333
,,,,,,,,,,29,119,,,0.45005202293395996,1.3109066486358643,,
,,,,,,,,,,30,123,,,,,0.4282238483428955,1.2972646951675415
,,,,,,,,,,30,123,,,0.45005202293395996,1.3088866472244263,,
,,,,,,,,,,31,127,,,,,0.4768856465816498,1.2870131731033325
,,,,,,,,,,31,127,,,0.45369407534599304,1.2856000661849976,,
,,,,,,,,,,32,131,,,,,0.4330900311470032,1.275034785270691
,,,,,,,,,,32,131,,,0.46253901720046997,1.2828339338302612,,
,,,,,,,,,,33,135,,,,,0.47445255517959595,1.2691352367401123
,,,,,,,,,,33,135,,,0.468782514333725,1.270531177520752,,
,,,,,,,,,,34,139,,,,,0.4866180121898651,1.2578673362731934
,,,,,,,,,,34,139,,,0.45733609795570374,1.2854787111282349,,
,,,,,,,,,,35,143,,,,,0.43795621395111084,1.2654147148132324
,,,,,,,,,,35,143,,,0.45005202293395996,1.2647820711135864,,
,,,,,,,,,,36,147,,,,,0.4647201895713806,1.2619585990905762
,,,,,,,,,,36,147,,,0.4708636701107025,1.2700616121292114,,
,,,,,,,,,,37,151,,,,,0.45985400676727295,1.2471778392791748
,,,,,,,,,,37,151,,,0.45993757247924805,1.2630997896194458,,
,,,,,,,,,,38,155,,,,,0.435523122549057,1.2613186836242676
,,,,,,,,,,38,155,,,0.4547346532344818,1.2631398439407349,,
,,,,,,,,,,39,159,,,,,0.44525548815727234,1.2411093711853027
,,,,,,,,,,39,159,,,0.4833506643772125,1.2533038854599,,
,,,,,,,,,,40,163,,,,,0.4257907569408417,1.2392933368682861
,,,,,,,,,,40,163,,,0.4516128897666931,1.2465062141418457,,
,,,,,,,,,,41,167,,,,,0.45255473256111145,1.2296136617660522
,,,,,,,,,,41,167,,,0.45369407534599304,1.2441397905349731,,
,,,,,,,,,,42,171,,,,,0.4841849207878113,1.2275100946426392
,,,,,,,,,,42,171,,,0.4484911561012268,1.2424848079681396,,
,,,,,,,,,,43,175,,,,,0.4574209153652191,1.2372157573699951
,,,,,,,,,,43,175,,,0.45681580901145935,1.2417371273040771,,
,,,,,,,,,,44,179,,,,,0.4428223967552185,1.2339742183685303
,,,,,,,,,,44,179,,,0.4547346532344818,1.2356798648834229,,
,,,,,,,,,,45,183,,,,,0.4136252999305725,1.21859872341156
,,,,,,,,,,45,183,,,0.45629552006721497,1.226239800453186,,
,,,,,,,,,,46,187,,,,,0.4501216411590576,1.21254301071167
,,,,,,,,,,46,187,,,0.46566078066825867,1.2227096557617188,,
,,,,,,,,,,47,191,,,,,0.4428223967552185,1.1982665061950684
,,,,,,,,,,47,191,,,0.4739854335784912,1.21076238155365,,
,,,,,,,,,,48,195,,,,,0.45255473256111145,1.2208819389343262
,,,,,,,,,,48,195,,,0.48491156101226807,1.2057193517684937,,
,,,,,,,,,,49,199,,,,,0.47445255517959595,1.2021489143371582
,,,,,,,,,,49,199,,,0.4781477749347687,1.2146596908569336,,
,,,,,,,,,,50,203,,,,,0.5085158348083496,1.1812890768051147
,,,,,,,,,,50,203,,,0.48178979754447937,1.2128574848175049,,
,,,,,,,,,,51,207,,,,,0.43795621395111084,1.2078853845596313
,,,,,,,,,,51,207,,,0.4646201729774475,1.2129586935043335,,
,,,,,,,,,,52,211,,,,,0.4330900311470032,1.1921995878219604
,,,,,,,,,,52,211,,,0.48491156101226807,1.210452675819397,,
,,,,,,,,,,53,215,,,,,0.45255473256111145,1.201216697692871
,,,,,,,,,,53,215,,,0.46930280327796936,1.1958458423614502,,
,,,,,,,,,,54,219,,,,,0.4574209153652191,1.2184346914291382
,,,,,,,,,,54,219,,,0.48231008648872375,1.1896957159042358,,
,,,,,,,,,,55,223,,,,,0.4428223967552185,1.1911239624023438
,,,,,,,,,,55,223,,,0.4833506643772125,1.1994216442108154,,
,,,,,,,,,,56,227,,,,,0.4622870981693268,1.2144114971160889
,,,,,,,,,,56,227,,,0.48595213890075684,1.2151421308517456,,
,,,,,,,,,,57,231,,,,,0.4501216411590576,1.2005908489227295
,,,,,,,,,,57,231,,,0.47658687829971313,1.1877665519714355,,
,,,,,,,,,,58,235,,,,,0.45255473256111145,1.1891398429870605
,,,,,,,,,,58,235,,,0.4802289307117462,1.1890817880630493,,
,,,,,,,,,,59,239,,,,,0.46715328097343445,1.203368067741394
,,,,,,,,,,59,239,,,0.47242456674575806,1.1920231580734253,,
,,,,,,,,,,60,243,,,,,0.48175182938575745,1.1807122230529785
,,,,,,,,,,60,243,,,0.48855358362197876,1.1790436506271362,,
,,,,,,,,,,61,247,,,,,0.4987834692001343,1.1623865365982056
,,,,,,,,,,61,247,,,0.48595213890075684,1.175947904586792,,
,,,,,,,,,,62,251,,,,,0.4720194637775421,1.1666191816329956
,,,,,,,,,,62,251,,,0.4864724278450012,1.1842153072357178,,
,,,,,,,,,,63,255,,,,,0.4622870981693268,1.2191904783248901
,,,,,,,,,,63,255,,,0.49583765864372253,1.1760773658752441,,
,,,,,,,,,,64,259,,,,,0.4939172863960266,1.1575829982757568
,,,,,,,,,,64,259,,,0.47866806387901306,1.176255702972412,,
,,,,,,,,,,65,263,,,,,0.4841849207878113,1.1672039031982422
,,,,,,,,,,65,263,,,0.5,1.1705135107040405,,
,,,,,,,,,,66,267,,,,,0.5304136276245117,1.1389036178588867
,,,,,,,,,,66,267,,,0.4864724278450012,1.177170991897583,,
,,,,,,,,,,67,271,,,,,0.4622870981693268,1.1845139265060425
,,,,,,,,,,67,271,,,0.5041623115539551,1.1596953868865967,,
,,,,,,,,,,68,275,,,,,0.5036496520042419,1.1436443328857422
,,,,,,,,,,68,275,,,0.5072841048240662,1.1562751531600952,,
,,,,,,,,,,69,279,,,,,0.47445255517959595,1.180540680885315
,,,,,,,,,,69,279,,,0.5046826004981995,1.1590379476547241,,
,,,,,,,,,,70,283,,,,,0.4549878239631653,1.183884620666504
,,,,,,,,,,70,283,,,0.49791884422302246,1.1512681245803833,,
,,,,,,,,,,71,287,,,,,0.4939172863960266,1.1585325002670288
,,,,,,,,,,71,287,,,0.5,1.1629751920700073,,
,,,,,,,,,,72,291,,,,,0.5206812620162964,1.134165644645691
,,,,,,,,,,72,291,,,0.5114464163780212,1.1507749557495117,,
,,,,,,,,,,73,295,,,,,0.5060827136039734,1.1360951662063599
,,,,,,,,,,73,295,,,0.4994797110557556,1.1458173990249634,,
,,,,,,,,,,74,299,,,,,0.4768856465816498,1.1488136053085327
,,,,,,,,,,74,299,,,0.5145681500434875,1.1567540168762207,,
,,,,,,,,,,75,303,,,,,0.4574209153652191,1.1440812349319458
,,,,,,,,,,75,303,,,0.4994797110557556,1.1455210447311401,,
,,,,,,,,,,76,307,,,,,0.5133820176124573,1.1329909563064575
,,,,,,,,,,76,307,,,0.4906347692012787,1.154415249824524,,
,,,,,,,,,,77,311,,,,,0.48905110359191895,1.1270910501480103
,,,,,,,,,,77,311,,,0.5156087279319763,1.133080005645752,,
,,,,,,,,,,78,315,,,,,0.4720194637775421,1.1450741291046143
,,,,,,,,,,78,315,,,0.4927159249782562,1.1445701122283936,,
,,,,,,,,,,79,319,,,,,0.510948896408081,1.1195405721664429
,,,,,,,,,,79,319,,,0.4963579475879669,1.1547037363052368,,
,,,,,,,,,,80,323,,,,,0.5206812620162964,1.1160298585891724
,,,,,,,,,,80,323,,,0.5104058384895325,1.134335994720459,,
,,,,,,,,,,81,327,,,,,0.5231143832206726,1.1200259923934937
,,,,,,,,,,81,327,,,0.5072841048240662,1.1248379945755005,,
,,,,,,,,,,82,331,,,,,0.5012165307998657,1.1346359252929688
,,,,,,,,,,82,331,,,0.5140478610992432,1.1267253160476685,,
,,,,,,,,,,83,335,,,,,0.4768856465816498,1.137673020362854
,,,,,,,,,,83,335,,,0.49115505814552307,1.1275584697723389,,
,,,,,,,,,,84,339,,,,,0.5304136276245117,1.1007356643676758
,,,,,,,,,,84,339,,,0.5182101726531982,1.1273962259292603,,
,,,,,,,,,,85,343,,,,,0.46715328097343445,1.1129121780395508
,,,,,,,,,,85,343,,,0.5265348553657532,1.1178086996078491,,
,,,,,,,,,,86,347,,,,,0.5060827136039734,1.1129014492034912
,,,,,,,,,,86,347,,,0.5208116769790649,1.1152513027191162,,
,,,,,,,,,,87,351,,,,,0.5231143832206726,1.097964882850647
,,,,,,,,,,87,351,,,0.51248699426651,1.1328513622283936,,
,,,,,,,,,,88,355,,,,,0.4476885497570038,1.1260350942611694
,,,,,,,,,,88,355,,,0.5223725438117981,1.111652135848999,,
,,,,,,,,,,89,359,,,,,0.4987834692001343,1.1323038339614868
,,,,,,,,,,89,359,,,0.5104058384895325,1.1159286499023438,,
,,,,,,,,,,90,363,,,,,0.5182482004165649,1.1047362089157104
,,,,,,,,,,90,363,,,0.5192508101463318,1.1143686771392822,,
,,,,,,,,,,91,367,,,,,0.4939172863960266,1.115025520324707
,,,,,,,,,,91,367,,,0.5072841048240662,1.120527744293213,,
,,,,,,,,,,92,371,,,,,0.5231143832206726,1.0976643562316895
,,,,,,,,,,92,371,,,0.5208116769790649,1.109452724456787,,
,,,,,,,,,,93,375,,,,,0.5133820176124573,1.0946906805038452
,,,,,,,,,,93,375,,,0.5239334106445312,1.1050831079483032,,
,,,,,,,,,,94,379,,,,,0.4574209153652191,1.1259630918502808
,,,,,,,,,,94,379,,,0.5062434673309326,1.1234182119369507,,
,,,,,,,,,,95,383,,,,,0.5036496520042419,1.1222220659255981
,,,,,,,,,,95,383,,,0.4906347692012787,1.15317964553833,,
,,,,,,,,,,96,387,,,,,0.5304136276245117,1.1211165189743042
,,,,,,,,,,96,387,,,0.5244536995887756,1.117135763168335,,
,,,,,,,,,,97,391,,,,,0.5231143832206726,1.0992769002914429
,,,,,,,,,,97,391,,,0.5197710990905762,1.1145684719085693,,
,,,,,,,,,,98,395,,,,,0.4914841949939728,1.1175596714019775
,,,,,,,,,,98,395,,,0.5228928327560425,1.1154128313064575,,
,,,,,,,,,,99,399,,,,,0.5474452376365662,1.095805048942566
,,,,,,,,,,99,399,,,0.5312174558639526,1.093963623046875,,
,,,,,,,,,,100,403,,,,,0.45985400676727295,1.1466374397277832
,,,,,,,,,,100,403,,,0.52497398853302,1.1131151914596558,,
,,,,,,,,,,101,407,,,,,0.5231143832206726,1.073521614074707
,,,,,,,,,,101,407,,,0.5218522548675537,1.099689245223999,,
,,,,,,,,,,102,411,,,,,0.4914841949939728,1.0982862710952759
,,,,,,,,,,102,411,,,0.5093652606010437,1.1100952625274658,,
,,,,,,,,,,103,415,,,,,0.5620437860488892,1.076130986213684
,,,,,,,,,,103,415,,,0.5020811557769775,1.0988138914108276,,
,,,,,,,,,,104,419,,,,,0.4695863723754883,1.1388269662857056
,,,,,,,,,,104,419,,,0.5270551443099976,1.0887086391448975,,
,,,,,,,,,,105,423,,,,,0.5206812620162964,1.0931905508041382
,,,,,,,,,,105,423,,,0.531737744808197,1.0939772129058838,,
,,,,,,,,,,106,427,,,,,0.5328466892242432,1.082351803779602
,,,,,,,,,,106,427,,,0.5327783823013306,1.0949314832687378,,
,,,,,,,,,,107,431,,,,,0.48905110359191895,1.0907690525054932
,,,,,,,,,,107,431,,,0.5239334106445312,1.08342707157135,,
,,,,,,,,,,108,435,,,,,0.5231143832206726,1.100996494293213
,,,,,,,,,,108,435,,,0.5239334106445312,1.0868332386016846,,
,,,,,,,,,,109,439,,,,,0.525547444820404,1.0742534399032593
,,,,,,,,,,109,439,,,0.5364204049110413,1.0789090394973755,,
,,,,,,,,,,110,443,,,,,0.47445255517959595,1.1115896701812744
,,,,,,,,,,110,443,,,0.5473465323448181,1.0718586444854736,,
,,,,,,,,,,111,447,,,,,0.5425790548324585,1.0541534423828125
,,,,,,,,,,111,447,,,0.5192508101463318,1.0852532386779785,,
,,,,,,,,,,112,451,,,,,0.4841849207878113,1.093780755996704
,,,,,,,,,,112,451,,,0.5426638722419739,1.0751549005508423,,
,,,,,,,,,,113,455,,,,,0.5231143832206726,1.0535756349563599
,,,,,,,,,,113,455,,,0.5494276881217957,1.0727133750915527,,
,,,,,,,,,,114,459,,,,,0.5450121760368347,1.054699420928955
,,,,,,,,,,114,459,,,0.5223725438117981,1.085005283355713,,
,,,,,,,,,,115,463,,,,,0.510948896408081,1.0814476013183594
,,,,,,,,,,115,463,,,0.5437044501304626,1.0690702199935913,,
,,,,,,,,,,116,467,,,,,0.5133820176124573,1.0565122365951538
,,,,,,,,,,116,467,,,0.5473465323448181,1.067464828491211,,
,,,,,,,,,,117,471,,,,,0.5717761516571045,1.0563830137252808
,,,,,,,,,,117,471,,,0.5405827164649963,1.0726178884506226,,
,,,,,,,,,,118,475,,,,,0.510948896408081,1.0645883083343506
,,,,,,,,,,118,475,,,0.5515088438987732,1.0647021532058716,,
,,,,,,,,,,119,479,,,,,0.4695863723754883,1.123579502105713
,,,,,,,,,,119,479,,,0.5067638158798218,1.1023324728012085,,
,,,,,,,,,,120,483,,,,,0.5352798104286194,1.067002296447754
,,,,,,,,,,120,483,,,0.5260145664215088,1.0909972190856934,,
,,,,,,,,,,121,487,,,,,0.5474452376365662,1.0899994373321533
,,,,,,,,,,121,487,,,0.5515088438987732,1.084285020828247,,
,,,,,,,,,,122,491,,,,,0.5474452376365662,1.0576987266540527
,,,,,,,,,,122,491,,,0.5395421385765076,1.0772660970687866,,
,,,,,,,,,,123,495,,,,,0.5766423344612122,1.0678150653839111
,,,,,,,,,,123,495,,,0.5598335266113281,1.0726944208145142,,
,,,,,,,,,,124,499,,,,,0.5377128720283508,1.0440291166305542
,,,,,,,,,,124,499,,,0.5587929487228394,1.0587455034255981,,
,,,,,,,,,,125,503,,,,,0.5279805064201355,1.080768346786499
,,,,,,,,,,125,503,,,0.5280957221984863,1.0801308155059814,,
,,,,,,,,,,126,507,,,,,0.5133820176124573,1.0735012292861938
,,,,,,,,,,126,507,,,0.531737744808197,1.0744247436523438,,
,,,,,,,,,,127,511,,,,,0.5060827136039734,1.1177219152450562
,,,,,,,,,,127,511,,,0.5187304615974426,1.0736491680145264,,
,,,,,,,,,,128,515,,,,,0.5158150792121887,1.0642868280410767
,,,,,,,,,,128,515,,,0.56243497133255,1.0557034015655518,,
,,,,,,,,,,129,519,,,,,0.5377128720283508,1.117053747177124
,,,,,,,,,,129,519,,,0.5561914443969727,1.0508720874786377,,
,,,,,,,,,,130,523,,,,,0.55474454164505,1.054811954498291
,,,,,,,,,,130,523,,,0.5530697107315063,1.0593959093093872,,
,,,,,,,,,,131,527,,,,,0.5133820176124573,1.0927062034606934
,,,,,,,,,,131,527,,,0.54994797706604,1.0753220319747925,,
,,,,,,,,,,132,531,,,,,0.5352798104286194,1.0540423393249512
,,,,,,,,,,132,531,,,0.5437044501304626,1.0550496578216553,,
,,,,,,,,,,133,535,,,,,0.5742092728614807,1.03314208984375
,,,,,,,,,,133,535,,,0.5208116769790649,1.0570414066314697,,
,,,,,,,,,,134,539,,,,,0.5766423344612122,1.0198616981506348
,,,,,,,,,,134,539,,,0.5411030054092407,1.04544997215271,,
,,,,,,,,,,135,543,,,,,0.525547444820404,1.0548341274261475
,,,,,,,,,,135,543,,,0.540062427520752,1.0573166608810425,,
,,,,,,,,,,136,547,,,,,0.5328466892242432,1.033460021018982
,,,,,,,,,,136,547,,,0.5593132376670837,1.054152488708496,,
,,,,,,,,,,137,551,,,,,0.5888077616691589,1.0233830213546753
,,,,,,,,,,137,551,,,0.5395421385765076,1.068026065826416,,
,,,,,,,,,,138,555,,,,,0.5425790548324585,1.064699649810791
,,,,,,,,,,138,555,,,0.5629552602767944,1.041550874710083,,
,,,,,,,,,,139,559,,,,,0.5474452376365662,1.0434284210205078
,,,,,,,,,,139,559,,,0.552549421787262,1.045440912246704,,
,,,,,,,,,,140,563,,,,,0.5158150792121887,1.0856906175613403
,,,,,,,,,,140,563,,,0.5541102886199951,1.0280768871307373,,
,,,,,,,,,,141,567,,,,,0.5596107244491577,1.0378880500793457
,,,,,,,,,,141,567,,,0.544224739074707,1.0233739614486694,,
,,,,,,,,,,142,571,,,,,0.5644769072532654,1.0160466432571411
,,,,,,,,,,142,571,,,0.5426638722419739,1.0394175052642822,,
,,,,,,,,,,143,575,,,,,0.5158150792121887,1.0497764348983765
,,,,,,,,,,143,575,,,0.5598335266113281,1.0203754901885986,,
,,,,,,,,,,144,579,,,,,0.5766423344612122,1.0156739950180054
,,,,,,,,,,144,579,,,0.54994797706604,1.0262677669525146,,
,,,,,,,,,,145,583,,,,,0.5328466892242432,1.0698539018630981
,,,,,,,,,,145,583,,,0.5405827164649963,1.0276671648025513,,
,,,,,,,,,,146,587,,,,,0.569343090057373,1.0081653594970703
,,,,,,,,,,146,587,,,0.5296565890312195,1.0534312725067139,,
,,,,,,,,,,147,591,,,,,0.6034063100814819,1.009898066520691
,,,,,,,,,,147,591,,,0.5655567049980164,1.0100191831588745,,
,,,,,,,,,,148,595,,,,,0.4987834692001343,1.1098082065582275
,,,,,,,,,,148,595,,,0.5629552602767944,1.027867317199707,,
,,,,,,,,,,149,599,,,,,0.6131386756896973,0.99261075258255
,,,,,,,,,,149,599,,,0.556711733341217,1.0371953248977661,,
,,,,,,,,,,150,603,,,,,0.5766423344612122,1.0122672319412231
,,,,,,,,,,150,603,,,0.5848075151443481,1.0212465524673462,,
,,,,,,,,,,151,607,,,,,0.5352798104286194,1.0562317371368408
,,,,,,,,,,151,607,,,0.5645161271095276,1.0313400030136108,,
,,,,,,,,,,152,611,,,,,0.5985401272773743,1.0231965780258179
,,,,,,,,,,152,611,,,0.5520291328430176,1.0374394655227661,,
,,,,,,,,,,153,615,,,,,0.5133820176124573,1.1331747770309448
,,,,,,,,,,153,615,,,0.5463059544563293,1.031840443611145,,
,,,,,,,,,,154,619,,,,,0.6155717968940735,1.0026562213897705
,,,,,,,,,,154,619,,,0.5541102886199951,1.0345382690429688,,
,,,,,,,,,,155,623,,,,,0.55474454164505,1.0238927602767944
,,,,,,,,,,155,623,,,0.5816857218742371,1.0131078958511353,,
,,,,,,,,,,156,627,,,,,0.5231143832206726,1.0503159761428833
,,,,,,,,,,156,627,,,0.54994797706604,1.0198678970336914,,
,,,,,,,,,,157,631,,,,,0.5279805064201355,1.0158109664916992
,,,,,,,,,,157,631,,,0.545785665512085,1.0345048904418945,,
,,,,,,,,,,158,635,,,,,0.5012165307998657,1.0414363145828247
,,,,,,,,,,158,635,,,0.5530697107315063,1.0162224769592285,,
,,,,,,,,,,159,639,,,,,0.5231143832206726,1.0338486433029175
,,,,,,,,,,159,639,,,0.5686784386634827,0.999572217464447,,
,,,,,,,,,,160,643,,,,,0.5644769072532654,1.005361795425415
,,,,,,,,,,160,643,,,0.5577523708343506,1.0074408054351807,,
,,,,,,,,,,161,647,,,,,0.5450121760368347,1.0374236106872559
,,,,,,,,,,161,647,,,0.5603538155555725,1.0187866687774658,,
,,,,,,,,,,162,651,,,,,0.540145993232727,1.0244877338409424
,,,,,,,,,,162,651,,,0.5478668212890625,1.0188844203948975,,
,,,,,,,,,,163,655,,,,,0.5158150792121887,1.0741127729415894
,,,,,,,,,,163,655,,,0.5426638722419739,1.0343499183654785,,
,,,,,,,,,,164,659,,,,,0.6155717968940735,0.9867632389068604
,,,,,,,,,,164,659,,,0.552549421787262,1.0229954719543457,,
,,,,,,,,,,165,663,,,,,0.5985401272773743,0.9896445870399475
,,,,,,,,,,165,663,,,0.545785665512085,1.03138267993927,,
,,,,,,,,,,166,667,,,,,0.5206812620162964,1.0199530124664307
,,,,,,,,,,166,667,,,0.5535899996757507,1.0247974395751953,,
,,,,,,,,,,167,671,,,,,0.525547444820404,1.050352692604065
,,,,,,,,,,167,671,,,0.5728408098220825,1.006820797920227,,
,,,,,,,,,,168,675,,,,,0.510948896408081,1.0364278554916382
,,,,,,,,,,168,675,,,0.5660769939422607,1.0194129943847656,,
,,,,,,,,,,169,679,,,,,0.5863747000694275,0.9835726618766785
,,,,,,,,,,169,679,,,0.5603538155555725,1.0038458108901978,,
,,,,,,,,,,170,683,,,,,0.5669099688529968,0.9884099364280701
,,,,,,,,,,170,683,,,0.5561914443969727,1.0184361934661865,,
,,,,,,,,,,171,687,,,,,0.525547444820404,1.155747652053833
,,,,,,,,,,171,687,,,0.5572320222854614,1.0083757638931274,,
,,,,,,,,,,172,691,,,,,0.5766423344612122,0.9938949942588806
,,,,,,,,,,172,691,,,0.5577523708343506,1.008093237876892,,
,,,,,,,,,,173,695,,,,,0.5596107244491577,1.0033776760101318
,,,,,,,,,,173,695,,,0.5712799429893494,1.0121707916259766,,
,,,,,,,,,,174,699,,,,,0.5717761516571045,0.9951110482215881
,,,,,,,,,,174,699,,,0.5593132376670837,1.0114037990570068,,
,,,,,,,,,,175,703,,,,,0.5474452376365662,1.0144661664962769
,,,,,,,,,,175,703,,,0.5879292488098145,0.9946315884590149,,
,,,,,,,,,,176,707,,,,,0.5912408828735352,0.9595649242401123
,,,,,,,,,,176,707,,,0.5874089598655701,0.9845476150512695,,
,,,,,,,,,,177,711,,,,,0.5985401272773743,0.9827544689178467
,,,,,,,,,,177,711,,,0.5785639882087708,0.9966282844543457,,
,,,,,,,,,,178,715,,,,,0.5231143832206726,1.0080558061599731
,,,,,,,,,,178,715,,,0.5806451439857483,0.9843727946281433,,
,,,,,,,,,,179,719,,,,,0.525547444820404,1.0040146112442017
,,,,,,,,,,179,719,,,0.5645161271095276,0.988202691078186,,
,,,,,,,,,,180,723,,,,,0.6058394312858582,0.9742140769958496
,,,,,,,,,,180,723,,,0.5894901156425476,0.9949776530265808,,
,,,,,,,,,,181,727,,,,,0.6155717968940735,0.9506014585494995
,,,,,,,,,,181,727,,,0.5889698266983032,0.978827953338623,,
,,,,,,,,,,182,731,,,,,0.6447688341140747,0.9514254927635193
,,,,,,,,,,182,731,,,0.5785639882087708,0.9729839563369751,,
,,,,,,,,,,183,735,,,,,0.5669099688529968,1.005290150642395
,,,,,,,,,,183,735,,,0.5868886709213257,0.9720855951309204,,
,,,,,,,,,,184,739,,,,,0.5961070656776428,0.974454402923584
,,,,,,,,,,184,739,,,0.5811654329299927,0.9750849604606628,,
,,,,,,,,,,185,743,,,,,0.5474452376365662,0.9705721735954285
,,,,,,,,,,185,743,,,0.5634755492210388,0.9968065619468689,,
,,,,,,,,,,186,747,,,,,0.5839415788650513,0.9664444923400879
,,,,,,,,,,186,747,,,0.5853278040885925,0.9732875823974609,,
,,,,,,,,,,187,751,,,,,0.5377128720283508,0.9805284738540649
,,,,,,,,,,187,751,,,0.5952132940292358,0.9671753644943237,,
,,,,,,,,,,188,755,,,,,0.5474452376365662,0.9999919533729553
,,,,,,,,,,188,755,,,0.5874089598655701,0.9691535830497742,,
,,,,,,,,,,189,759,,,,,0.5498783588409424,0.9859537482261658
,,,,,,,,,,189,759,,,0.5806451439857483,0.9686480164527893,,
,,,,,,,,,,190,763,,,,,0.5158150792121887,0.9775196313858032
,,,,,,,,,,190,763,,,0.5738813877105713,0.9697469472885132,,
,,,,,,,,,,191,767,,,,,0.5790753960609436,0.9618741273880005
,,,,,,,,,,191,767,,,0.5723205208778381,0.9568626880645752,,
,,,,,,,,,,192,771,,,,,0.5182482004165649,1.005411148071289
,,,,,,,,,,192,771,,,0.5806451439857483,0.9659513235092163,,
,,,,,,,,,,193,775,,,,,0.5596107244491577,0.9632169008255005
,,,,,,,,,,193,775,,,0.577523410320282,0.9672020077705383,,
,,,,,,,,,,194,779,,,,,0.5523114204406738,1.0484739542007446
,,,,,,,,,,194,779,,,0.5962539315223694,0.9665879011154175,,
,,,,,,,,,,195,783,,,,,0.6034063100814819,0.9335724115371704
,,,,,,,,,,195,783,,,0.5759625434875488,0.968282163143158,,
,,,,,,,,,,196,787,,,,,0.5790753960609436,1.013260006904602
,,,,,,,,,,196,787,,,0.5967742204666138,0.960817813873291,,
,,,,,,,,,,197,791,,,,,0.5304136276245117,1.0219671726226807
,,,,,,,,,,197,791,,,0.5770031213760376,0.9609281420707703,,
,,,,,,,,,,198,795,,,,,0.5790753960609436,0.9658964276313782
,,,,,,,,,,198,795,,,0.5889698266983032,0.9634494185447693,,
,,,,,,,,,,199,799,,,,,0.5766423344612122,0.947984516620636
,,,,,,,,,,199,799,,,0.5868886709213257,0.9656161069869995,,
,,,,,,,,,,200,803,,,,,0.6155717968940735,0.9382226467132568
,,,,,,,,,,200,803,,,0.5598335266113281,0.990878701210022,,
,,,,,,,,,,201,807,,,,,0.6326034069061279,0.9329195618629456
,,,,,,,,,,201,807,,,0.6040582656860352,0.9621769785881042,,
,,,,,,,,,,202,811,,,,,0.5961070656776428,0.9373370409011841
,,,,,,,,,,202,811,,,0.570759654045105,0.9641850590705872,,
,,,,,,,,,,203,815,,,,,0.5450121760368347,1.045113444328308
,,,,,,,,,,203,815,,,0.5941727161407471,0.9545162320137024,,
,,,,,,,,,,204,819,,,,,0.6034063100814819,0.937099277973175
,,,,,,,,,,204,819,,,0.5744016766548157,0.9705987572669983,,
,,,,,,,,,,205,823,,,,,0.5912408828735352,0.9501689076423645
,,,,,,,,,,205,823,,,0.6056191325187683,0.9476628303527832,,
,,,,,,,,,,206,827,,,,,0.6277372241020203,0.9163580536842346
,,,,,,,,,,206,827,,,0.5884495377540588,0.9536652565002441,,
,,,,,,,,,,207,831,,,,,0.5523114204406738,1.029784083366394
,,,,,,,,,,207,831,,,0.5806451439857483,0.956736147403717,,
,,,,,,,,,,208,835,,,,,0.6326034069061279,0.9305190443992615
,,,,,,,,,,208,835,,,0.5728408098220825,0.9587266445159912,,
,,,,,,,,,,209,839,,,,,0.5304136276245117,1.164055347442627
,,,,,,,,,,209,839,,,0.6129032373428345,0.9416230916976929,,
,,,,,,,,,,210,843,,,,,0.5669099688529968,0.9712062478065491
,,,,,,,,,,210,843,,,0.5884495377540588,0.9596890211105347,,
,,,,,,,,,,211,847,,,,,0.5644769072532654,0.9903199076652527
,,,,,,,,,,211,847,,,0.5822060108184814,0.9537734389305115,,
,,,,,,,,,,212,851,,,,,0.5839415788650513,0.9381232261657715
,,,,,,,,,,212,851,,,0.5858480930328369,0.9455786347389221,,
,,,,,,,,,,213,855,,,,,0.5450121760368347,1.072855830192566
,,,,,,,,,,213,855,,,0.5858480930328369,0.94719398021698,,
,,,,,,,,,,214,859,,,,,0.5790753960609436,0.9547370076179504
,,,,,,,,,,214,859,,,0.5697190165519714,0.9681329727172852,,
,,,,,,,,,,215,863,,,,,0.5206812620162964,1.1074546575546265
,,,,,,,,,,215,863,,,0.5915712714195251,0.9482377171516418,,
,,,,,,,,,,216,867,,,,,0.5936739444732666,0.9337131977081299
,,,,,,,,,,216,867,,,0.5874089598655701,0.9452841281890869,,
,,,,,,,,,,217,871,,,,,0.540145993232727,0.9777717590332031
,,,,,,,,,,217,871,,,0.590010404586792,0.9436779618263245,,
,,,,,,,,,,218,875,,,,,0.6131386756896973,0.9130411148071289
,,,,,,,,,,218,875,,,0.5681581497192383,0.9544774293899536,,
,,,,,,,,,,219,879,,,,,0.6204379796981812,0.915732741355896
,,,,,,,,,,219,879,,,0.5858480930328369,0.9409079551696777,,
,,,,,,,,,,220,883,,,,,0.5863747000694275,0.9051641225814819
,,,,,,,,,,220,883,,,0.5879292488098145,0.940059244632721,,
,,,,,,,,,,221,887,,,,,0.5669099688529968,0.9425353407859802
,,,,,,,,,,221,887,,,0.5842872262001038,0.9476686716079712,,
,,,,,,,,,,222,891,,,,,0.5936739444732666,0.9265719652175903
,,,,,,,,,,222,891,,,0.5946930050849915,0.9344663619995117,,
,,,,,,,,,,223,895,,,,,0.6082724928855896,0.9463511109352112
,,,,,,,,,,223,895,,,0.5910509824752808,0.9301357865333557,,
,,,,,,,,,,224,899,,,,,0.6155717968940735,0.9035994410514832
,,,,,,,,,,224,899,,,0.5952132940292358,0.9309351444244385,,
,,,,,,,,,,225,903,,,,,0.5498783588409424,0.9617500305175781
,,,,,,,,,,225,903,,,0.5759625434875488,0.9499034881591797,,
,,,,,,,,,,226,907,,,,,0.5571776032447815,0.9232039451599121
,,,,,,,,,,226,907,,,0.5671175718307495,0.9536174535751343,,
,,,,,,,,,,227,911,,,,,0.6131386756896973,0.9217483401298523
,,,,,,,,,,227,911,,,0.5952132940292358,0.9555971026420593,,
,,,,,,,,,,228,915,,,,,0.5766423344612122,0.9378534555435181
,,,,,,,,,,228,915,,,0.5853278040885925,0.9590772390365601,,
,,,,,,,,,,229,919,,,,,0.5425790548324585,0.964776337146759
,,,,,,,,,,229,919,,,0.5962539315223694,0.9204743504524231,,
,,,,,,,,,,230,923,,,,,0.5352798104286194,0.9626571536064148
,,,,,,,,,,230,923,,,0.5884495377540588,0.940480649471283,,
,,,,,,,,,,231,927,,,,,0.6326034069061279,0.9069902896881104
,,,,,,,,,,231,927,,,0.6030176877975464,0.9356379508972168,,
,,,,,,,,,,232,931,,,,,0.5888077616691589,0.9201478958129883
,,,,,,,,,,232,931,,,0.5879292488098145,0.9450770020484924,,
,,,,,,,,,,233,935,,,,,0.6082724928855896,0.952377200126648
,,,,,,,,,,233,935,,,0.5837669372558594,0.9400505423545837,,
,,,,,,,,,,234,939,,,,,0.5766423344612122,0.9159212708473206
,,,,,,,,,,234,939,,,0.6087408661842346,0.92573481798172,,
,,,,,,,,,,235,943,,,,,0.5985401272773743,0.9180700182914734
,,,,,,,,,,235,943,,,0.6035379767417908,0.9393358826637268,,
,,,,,,,,,,236,947,,,,,0.6228710412979126,0.9294059872627258
,,,,,,,,,,236,947,,,0.6050988435745239,0.9285294413566589,,
,,,,,,,,,,237,951,,,,,0.6253041625022888,0.9118720889091492
,,,,,,,,,,237,951,,,0.6082205772399902,0.9294536709785461,,
,,,,,,,,,,238,955,,,,,0.5936739444732666,0.9297686815261841
,,,,,,,,,,238,955,,,0.6035379767417908,0.9249840378761292,,
,,,,,,,,,,239,959,,,,,0.5790753960609436,0.9337249994277954
,,,,,,,,,,239,959,,,0.5926118493080139,0.9482322335243225,,
,,,,,,,,,,240,963,,,,,0.6082724928855896,0.8999221920967102
,,,,,,,,,,240,963,,,0.5967742204666138,0.9369357824325562,,
,,,,,,,,,,241,967,,,,,0.5912408828735352,0.9336333870887756
,,,,,,,,,,241,967,,,0.590010404586792,0.9338822364807129,,
,,,,,,,,,,242,971,,,,,0.5815085172653198,0.9493825435638428
,,,,,,,,,,242,971,,,0.6097815036773682,0.9280340671539307,,
,,,,,,,,,,243,975,,,,,0.6107056140899658,0.8979861736297607
,,,,,,,,,,243,975,,,0.5780436992645264,0.9416854977607727,,
,,,,,,,,,,244,979,,,,,0.540145993232727,1.0063995122909546
,,,,,,,,,,244,979,,,0.5806451439857483,0.9316931366920471,,
,,,,,,,,,,245,983,,,,,0.6472019553184509,0.9147989153862
,,,,,,,,,,245,983,,,0.5920915603637695,0.9457908868789673,,
,,,,,,,,,,246,987,,,,,0.6301703453063965,0.8806217908859253
,,,,,,,,,,246,987,,,0.6004162430763245,0.9128989577293396,,
,,,,,,,,,,247,991,,,,,0.6642335653305054,0.8764498233795166
,,,,,,,,,,247,991,,,0.5931321382522583,0.9215803146362305,,
,,,,,,,,,,248,995,,,,,0.6180048584938049,0.8813672661781311
,,,,,,,,,,248,995,,,0.5894901156425476,0.9319674968719482,,
,,,,,,,,,,249,999,,,,,0.5425790548324585,0.9275805950164795
,,,,,,,,,,249,999,,,0.5998959541320801,0.9381564855575562,,
,,,,,,,,,,250,1003,,,,,0.6326034069061279,0.8827049732208252
,,,,,,,,,,250,1003,,,0.6082205772399902,0.911734402179718,,
,,,,,,,,,,251,1007,,,,,0.6472019553184509,0.8802844882011414
,,,,,,,,,,251,1007,,,0.5868886709213257,0.9169052243232727,,
,,,,,,,,,,252,1011,,,,,0.5766423344612122,1.0096969604492188
,,,,,,,,,,252,1011,,,0.6050988435745239,0.9115837216377258,,
,,,,,,,,,,253,1015,,,,,0.6082724928855896,0.9198464155197144
,,,,,,,,,,253,1015,,,0.5894901156425476,0.9247960448265076,,
,,,,,,,,,,254,1019,,,,,0.55474454164505,1.0489479303359985
,,,,,,,,,,254,1019,,,0.6201872825622559,0.9092897176742554,,
,,,,,,,,,,255,1023,,,,,0.6009732484817505,0.9120278358459473
,,,,,,,,,,255,1023,,,0.5655567049980164,0.9560257196426392,,
,,,,,,,,,,256,1027,,,,,0.5790753960609436,0.9622843861579895
,,,,,,,,,,256,1027,,,0.602497398853302,0.9295703768730164,,
,,,,,,,,,,257,1031,,,,,0.6034063100814819,0.9359897375106812
,,,,,,,,,,257,1031,,,0.5993756651878357,0.9095101952552795,,
,,,,,,,,,,258,1035,,,,,0.540145993232727,1.0766600370407104
,,,,,,,,,,258,1035,,,0.5837669372558594,0.9342501759529114,,
,,,,,,,,,,259,1039,,,,,0.5523114204406738,0.9505059719085693
,,,,,,,,,,259,1039,,,0.5988553762435913,0.924578845500946,,
,,,,,,,,,,260,1043,,,,,0.5839415788650513,0.8904639482498169
,,,,,,,,,,260,1043,,,0.6066597104072571,0.9279771447181702,,
,,,,,,,,,,261,1047,,,,,0.5742092728614807,0.9844924807548523
,,,,,,,,,,261,1047,,,0.5972945094108582,0.9077720046043396,,
,,,,,,,,,,262,1051,,,,,0.6253041625022888,0.89532870054245
,,,,,,,,,,262,1051,,,0.5806451439857483,0.9236528277397156,,
,,,,,,,,,,263,1055,,,,,0.5425790548324585,0.9393901824951172
,,,,,,,,,,263,1055,,,0.6129032373428345,0.9216471314430237,,
,,,,,,,,,,264,1059,,,,,0.6204379796981812,0.9052984118461609
,,,,,,,,,,264,1059,,,0.5837669372558594,0.9165326952934265,,
,,,,,,,,,,265,1063,,,,,0.5498783588409424,1.0193252563476562
,,,,,,,,,,265,1063,,,0.590010404586792,0.9143269658088684,,
,,,,,,,,,,266,1067,,,,,0.6107056140899658,0.9191184639930725
,,,,,,,,,,266,1067,,,0.5988553762435913,0.901671826839447,,
,,,,,,,,,,267,1071,,,,,0.5669099688529968,0.9827853441238403
,,,,,,,,,,267,1071,,,0.621748149394989,0.9061979055404663,,
,,,,,,,,,,268,1075,,,,,0.5498783588409424,1.050887942314148
,,,,,,,,,,268,1075,,,0.602497398853302,0.9068493247032166,,
,,,,,,,,,,269,1079,,,,,0.540145993232727,0.9763140678405762
,,,,,,,,,,269,1079,,,0.5884495377540588,0.9243935346603394,,
,,,,,,,,,,270,1083,,,,,0.6058394312858582,0.8869218826293945
,,,,,,,,,,270,1083,,,0.6092612147331238,0.9229757189750671,,
,,,,,,,,,,271,1087,,,,,0.6253041625022888,0.891042172908783
,,,,,,,,,,271,1087,,,0.6233090758323669,0.8894721865653992,,
,,,,,,,,,,272,1091,,,,,0.5936739444732666,0.8737839460372925
,,,,,,,,,,272,1091,,,0.6050988435745239,0.9095142483711243,,
,,,,,,,,,,273,1095,,,,,0.5523114204406738,0.9786906838417053
,,,,,,,,,,273,1095,,,0.5988553762435913,0.925065815448761,,
,,,,,,,,,,274,1099,,,,,0.5717761516571045,0.9460594058036804
,,,,,,,,,,274,1099,,,0.5894901156425476,0.9313030242919922,,
,,,,,,,,,,275,1103,,,,,0.5158150792121887,1.0760976076126099
,,,,,,,,,,275,1103,,,0.5801248550415039,0.9284287095069885,,
,,,,,,,,,,276,1107,,,,,0.6131386756896973,0.8909263014793396
,,,,,,,,,,276,1107,,,0.6019771099090576,0.9124869108200073,,
,,,,,,,,,,277,1111,,,,,0.6301703453063965,0.8893007636070251
,,,,,,,,,,277,1111,,,0.6113423705101013,0.8952747583389282,,
,,,,,,,,,,278,1115,,,,,0.639902651309967,0.8691834211349487
,,,,,,,,,,278,1115,,,0.6378772258758545,0.8697793483734131,,
,,,,,,,,,,279,1119,,,,,0.6569343209266663,0.8592986464500427
,,,,,,,,,,279,1119,,,0.6134235262870789,0.8956778049468994,,
,,,,,,,,,,280,1123,,,,,0.5936739444732666,0.9010418057441711
,,,,,,,,,,280,1123,,,0.6238293647766113,0.8844788670539856,,
,,,,,,,,,,281,1127,,,,,0.6593673825263977,0.8780812621116638
,,,,,,,,,,281,1127,,,0.5827262997627258,0.9197524189949036,,
,,,,,,,,,,282,1131,,,,,0.6277372241020203,0.9005616903305054
,,,,,,,,,,282,1131,,,0.6175858378410339,0.8914559483528137,,
,,,,,,,,,,283,1135,,,,,0.6447688341140747,0.86601722240448
,,,,,,,,,,283,1135,,,0.5988553762435913,0.9162570238113403,,
,,,,,,,,,,284,1139,,,,,0.639902651309967,0.8617395758628845
,,,,,,,,,,284,1139,,,0.6170655488967896,0.8839871287345886,,
,,,,,,,,,,285,1143,,,,,0.6350364685058594,0.8669511675834656
,,,,,,,,,,285,1143,,,0.6222684979438782,0.8884869813919067,,
,,,,,,,,,,286,1147,,,,,0.5669099688529968,0.8829038143157959
,,,,,,,,,,286,1147,,,0.6264308094978333,0.883041501045227,,
,,,,,,,,,,287,1151,,,,,0.6107056140899658,0.8508074283599854
,,,,,,,,,,287,1151,,,0.6222684979438782,0.8869809508323669,,
,,,,,,,,,,288,1155,,,,,0.6447688341140747,0.8598664999008179
,,,,,,,,,,288,1155,,,0.6368366479873657,0.8784977197647095,,
,,,,,,,,,,289,1159,,,,,0.65450119972229,0.8721733689308167
,,,,,,,,,,289,1159,,,0.6186264157295227,0.8748418092727661,,
,,,,,,,,,,290,1163,,,,,0.6228710412979126,0.8933310508728027
,,,,,,,,,,290,1163,,,0.6279916763305664,0.8849748969078064,,
,,,,,,,,,,291,1167,,,,,0.6447688341140747,0.8559440970420837
,,,,,,,,,,291,1167,,,0.5946930050849915,0.9040359258651733,,
,,,,,,,,,,292,1171,,,,,0.6350364685058594,0.8647327423095703
,,,,,,,,,,292,1171,,,0.6129032373428345,0.8824630379676819,,
,,,,,,,,,,293,1175,,,,,0.5085158348083496,1.0885274410247803
,,,,,,,,,,293,1175,,,0.6181061267852783,0.894586443901062,,
,,,,,,,,,,294,1179,,,,,0.6082724928855896,0.8686095476150513
,,,,,,,,,,294,1179,,,0.6030176877975464,0.8963028788566589,,
,,,,,,,,,,295,1183,,,,,0.5742092728614807,0.9762713313102722
,,,,,,,,,,295,1183,,,0.6092612147331238,0.8943594098091125,,
,,,,,,,,,,296,1187,,,,,0.639902651309967,0.8466842770576477
,,,,,,,,,,296,1187,,,0.6222684979438782,0.8729433417320251,,
,,,,,,,,,,297,1191,,,,,0.6326034069061279,0.8450265526771545
,,,,,,,,,,297,1191,,,0.6420395374298096,0.8594406843185425,,
,,,,,,,,,,298,1195,,,,,0.5839415788650513,0.90766441822052
,,,,,,,,,,298,1195,,,0.6394380927085876,0.8610928654670715,,
,,,,,,,,,,299,1199,,,,,0.639902651309967,0.8670002818107605
,,,,,,,,,,299,1199,,,0.6160249710083008,0.8746410012245178,,
,,,,,,,,,,300,1203,,,,,0.5742092728614807,0.8958182334899902
,,,,,,,,,,300,1203,,,0.6139438152313232,0.8790341019630432,,
,,,,,,,,,,301,1207,,,,,0.5912408828735352,0.947460412979126
,,,,,,,,,,301,1207,,,0.6035379767417908,0.901062548160553,,
,,,,,,,,,,302,1211,,,,,0.6447688341140747,0.8558895587921143
,,,,,,,,,,302,1211,,,0.6103017926216125,0.8841594457626343,,
,,,,,,,,,,303,1215,,,,,0.5985401272773743,0.9366276264190674
,,,,,,,,,,303,1215,,,0.6514047980308533,0.8678484559059143,,
,,,,,,,,,,304,1219,,,,,0.6131386756896973,0.8965478539466858
,,,,,,,,,,304,1219,,,0.6316336989402771,0.8774312734603882,,
,,,,,,,,,,305,1223,,,,,0.5888077616691589,1.0184417963027954
,,,,,,,,,,305,1223,,,0.6170655488967896,0.8764379620552063,,
,,,,,,,,,,306,1227,,,,,0.540145993232727,1.0413641929626465
,,,,,,,,,,306,1227,,,0.6087408661842346,0.8818108439445496,,
,,,,,,,,,,307,1231,,,,,0.5766423344612122,0.8893073797225952
,,,,,,,,,,307,1231,,,0.6129032373428345,0.8822014927864075,,
,,,,,,,,,,308,1235,,,,,0.5863747000694275,0.9717183709144592
,,,,,,,,,,308,1235,,,0.6264308094978333,0.8642328381538391,,
,,,,,,,,,,309,1239,,,,,0.6155717968940735,0.9270638227462769
,,,,,,,,,,309,1239,,,0.6134235262870789,0.9078614115715027,,
,,,,,,,,,,310,1243,,,,,0.6180048584938049,0.8873673677444458
,,,,,,,,,,310,1243,,,0.630072832107544,0.8702122569084167,,
,,,,,,,,,,311,1247,,,,,0.6009732484817505,0.9010119438171387
,,,,,,,,,,311,1247,,,0.6446409821510315,0.8667236566543579,,
,,,,,,,,,,312,1251,,,,,0.569343090057373,0.9082962274551392
,,,,,,,,,,312,1251,,,0.6061394214630127,0.8970584273338318,,
,,,,,,,,,,313,1255,,,,,0.6326034069061279,0.8370978832244873
,,,,,,,,,,313,1255,,,0.6305931210517883,0.8626131415367126,,
,,,,,,,,,,314,1259,,,,,0.6253041625022888,0.8763459920883179
,,,,,,,,,,314,1259,,,0.6186264157295227,0.881485104560852,,
,,,,,,,,,,315,1263,,,,,0.5766423344612122,0.8933224081993103
,,,,,,,,,,315,1263,,,0.6316336989402771,0.8828781247138977,,
,,,,,,,,,,316,1267,,,,,0.6082724928855896,0.8625972270965576
,,,,,,,,,,316,1267,,,0.6316336989402771,0.8647449016571045,,
,,,,,,,,,,317,1271,,,,,0.6520681381225586,0.8477397561073303
,,,,,,,,,,317,1271,,,0.6420395374298096,0.8610522150993347,,
,,,,,,,,,,318,1275,,,,,0.6009732484817505,0.8719192743301392
,,,,,,,,,,318,1275,,,0.6326742768287659,0.8649356961250305,,
,,,,,,,,,,319,1279,,,,,0.669099748134613,0.8262470364570618
,,,,,,,,,,319,1279,,,0.6191467046737671,0.8780569434165955,,
,,,,,,,,,,320,1283,,,,,0.65450119972229,0.8460249900817871
,,,,,,,,,,320,1283,,,0.6383975148200989,0.8658783435821533,,
,,,,,,,,,,321,1287,,,,,0.5790753960609436,0.8905910849571228
,,,,,,,,,,321,1287,,,0.6097815036773682,0.8848965764045715,,
,,,,,,,,,,322,1291,,,,,0.65450119972229,0.8351045250892639
,,,,,,,,,,322,1291,,,0.6207075715065002,0.8681147694587708,,
,,,,,,,,,,323,1295,,,,,0.639902651309967,0.859187126159668
,,,,,,,,,,323,1295,,,0.6201872825622559,0.8694063425064087,,
,,,,,,,,,,324,1299,,,,,0.6131386756896973,0.8894453048706055
,,,,,,,,,,324,1299,,,0.6108220815658569,0.8935703039169312,,
,,,,,,,,,,325,1303,,,,,0.6131386756896973,0.8522326946258545
,,,,,,,,,,325,1303,,,0.6326742768287659,0.872511088848114,,
,,,,,,,,,,326,1307,,,,,0.5571776032447815,1.0779716968536377
,,,,,,,,,,326,1307,,,0.6404786705970764,0.8638902306556702,,
,,,,,,,,,,327,1311,,,,,0.6009732484817505,0.8797837495803833
,,,,,,,,,,327,1311,,,0.6087408661842346,0.9017277956008911,,
,,,,,,,,,,328,1315,,,,,0.6496350169181824,0.8152945637702942
,,,,,,,,,,328,1315,,,0.6243496537208557,0.8589907288551331,,
,,,,,,,,,,329,1319,,,,,0.6447688341140747,0.8760544061660767
,,,,,,,,,,329,1319,,,0.6269510984420776,0.88563472032547,,
,,,,,,,,,,330,1323,,,,,0.5571776032447815,1.2230641841888428
,,,,,,,,,,330,1323,,,0.6285119652748108,0.8551857471466064,,
,,,,,,,,,,331,1327,,,,,0.5839415788650513,0.8956846594810486
,,,,,,,,,,331,1327,,,0.614984393119812,0.8710247278213501,,
,,,,,,,,,,332,1331,,,,,0.6082724928855896,0.8911319375038147
,,,,,,,,,,332,1331,,,0.6207075715065002,0.8776066899299622,,
,,,,,,,,,,333,1335,,,,,0.6593673825263977,0.8609052300453186
,,,,,,,,,,333,1335,,,0.6472424268722534,0.8636558651924133,,
,,,,,,,,,,334,1339,,,,,0.6131386756896973,0.8539110422134399
,,,,,,,,,,334,1339,,,0.6243496537208557,0.86234050989151,,
,,,,,,,,,,335,1343,,,,,0.6253041625022888,0.8658629655838013
,,,,,,,,,,335,1343,,,0.6295525431632996,0.8677800893783569,,
,,,,,,,,,,336,1347,,,,,0.6253041625022888,0.846152663230896
,,,,,,,,,,336,1347,,,0.6191467046737671,0.874944806098938,,
,,,,,,,,,,337,1351,,,,,0.6618005037307739,0.8260355591773987
,,,,,,,,,,337,1351,,,0.6352757811546326,0.8560246229171753,,
,,,,,,,,,,338,1355,,,,,0.6593673825263977,0.8245867490768433
,,,,,,,,,,338,1355,,,0.6363163590431213,0.8400207757949829,,
,,,,,,,,,,339,1359,,,,,0.5669099688529968,0.871605634689331
,,,,,,,,,,339,1359,,,0.6285119652748108,0.8710972666740417,,
,,,,,,,,,,340,1363,,,,,0.6228710412979126,0.8744425773620605
,,,,,,,,,,340,1363,,,0.5941727161407471,0.8972931504249573,,
,,,,,,,,,,341,1367,,,,,0.6277372241020203,0.8593760132789612
,,,,,,,,,,341,1367,,,0.6077002882957458,0.8828161358833313,,
,,,,,,,,,,342,1371,,,,,0.5985401272773743,0.9132328033447266
,,,,,,,,,,342,1371,,,0.6498439311981201,0.8507003784179688,,
,,,,,,,,,,343,1375,,,,,0.639902651309967,0.841864287853241
,,,,,,,,,,343,1375,,,0.6144641041755676,0.8723005652427673,,
,,,,,,,,,,344,1379,,,,,0.6618005037307739,0.8282524347305298
,,,,,,,,,,344,1379,,,0.6363163590431213,0.8496866226196289,,
,,,,,,,,,,345,1383,,,,,0.5742092728614807,0.8824192881584167
,,,,,,,,,,345,1383,,,0.6290322542190552,0.8765555620193481,,
,,,,,,,,,,346,1387,,,,,0.5474452376365662,1.0106381177902222
,,,,,,,,,,346,1387,,,0.621748149394989,0.8704977035522461,,
,,,,,,,,,,347,1391,,,,,0.6496350169181824,0.8311803936958313
,,,,,,,,,,347,1391,,,0.6316336989402771,0.8636064529418945,,
,,,,,,,,,,348,1395,,,,,0.6423357725143433,0.8548333048820496
,,,,,,,,,,348,1395,,,0.6243496537208557,0.8658733367919922,,
,,,,,,,,,,349,1399,,,,,0.6180048584938049,0.8788687586784363
,,,,,,,,,,349,1399,,,0.6430801153182983,0.8629100322723389,,
,,,,,,,,,,350,1403,,,,,0.6374695897102356,0.8164753317832947
,,,,,,,,,,350,1403,,,0.6383975148200989,0.8396583199501038,,
,,,,,,,,,,351,1407,,,,,0.5912408828735352,0.8933448791503906
,,,,,,,,,,351,1407,,,0.6279916763305664,0.8428819179534912,,
,,,,,,,,,,352,1411,,,,,0.6034063100814819,0.8927854299545288
,,,,,,,,,,352,1411,,,0.6248699426651001,0.8741109371185303,,
,,,,,,,,,,353,1415,,,,,0.65450119972229,0.8212462067604065
,,,,,,,,,,353,1415,,,0.6316336989402771,0.8654291033744812,,
,,,,,,,,,,354,1419,,,,,0.6423357725143433,0.8426522612571716
,,,,,,,,,,354,1419,,,0.6139438152313232,0.8704084157943726,,
,,,,,,,,,,355,1423,,,,,0.6447688341140747,0.865633487701416
,,,,,,,,,,355,1423,,,0.6446409821510315,0.8393483757972717,,
,,,,,,,,,,356,1427,,,,,0.6277372241020203,0.8407294154167175
,,,,,,,,,,356,1427,,,0.6248699426651001,0.8536580204963684,,
,,,,,,,,,,357,1431,,,,,0.5936739444732666,0.8844471573829651
,,,,,,,,,,357,1431,,,0.6316336989402771,0.8861582279205322,,
,,,,,,,,,,358,1435,,,,,0.6326034069061279,0.8757503032684326
,,,,,,,,,,358,1435,,,0.6212278604507446,0.8719754815101624,,
,,,,,,,,,,359,1439,,,,,0.5888077616691589,1.194219708442688
,,,,,,,,,,359,1439,,,0.6290322542190552,0.8816162943840027,,
,,,,,,,,,,360,1443,,,,,0.6228710412979126,0.885039746761322
,,,,,,,,,,360,1443,,,0.6378772258758545,0.8603298664093018,,
,,,,,,,,,,361,1447,,,,,0.5425790548324585,0.9736189842224121
,,,,,,,,,,361,1447,,,0.6123829483985901,0.8694953322410583,,
,,,,,,,,,,362,1451,,,,,0.639902651309967,0.8279973864555359
,,,,,,,,,,362,1451,,,0.6035379767417908,0.8732002973556519,,
,,,,,,,,,,363,1455,,,,,0.5888077616691589,0.9652630686759949
,,,,,,,,,,363,1455,,,0.6420395374298096,0.8598961234092712,,
,,,,,,,,,,364,1459,,,,,0.6374695897102356,0.8147169351577759
,,,,,,,,,,364,1459,,,0.6279916763305664,0.8762248158454895,,
,,,,,,,,,,365,1463,,,,,0.6350364685058594,0.8469737768173218
,,,,,,,,,,365,1463,,,0.6207075715065002,0.8640788793563843,,
,,,,,,,,,,366,1467,,,,,0.6326034069061279,0.9007728099822998
,,,,,,,,,,366,1467,,,0.6352757811546326,0.8541056513786316,,
,,,,,,,,,,367,1471,,,,,0.6618005037307739,0.8182740807533264
,,,,,,,,,,367,1471,,,0.6181061267852783,0.8634811043739319,,
,,,,,,,,,,368,1475,,,,,0.6447688341140747,0.8071582317352295
,,,,,,,,,,368,1475,,,0.6389178037643433,0.8354020118713379,,
,,,,,,,,,,369,1479,,,,,0.6204379796981812,0.847875714302063
,,,,,,,,,,369,1479,,,0.6477627754211426,0.8340162038803101,,
,,,,,,,,,,370,1483,,,,,0.712895393371582,0.7935428619384766
,,,,,,,,,,370,1483,,,0.6581685543060303,0.8269487619400024,,
,,,,,,,,,,371,1487,,,,,0.6301703453063965,0.8257447481155396
,,,,,,,,,,371,1487,,,0.6493236422538757,0.8309884071350098,,
,,,,,,,,,,372,1491,,,,,0.5669099688529968,1.0282491445541382
,,,,,,,,,,372,1491,,,0.6623309254646301,0.825099766254425,,
,,,,,,,,,,373,1495,,,,,0.669099748134613,0.816800057888031
,,,,,,,,,,373,1495,,,0.6670135259628296,0.8208993077278137,,
,,,,,,,,,,374,1499,,,,,0.5766423344612122,1.0496101379394531
,,,,,,,,,,374,1499,,,0.6243496537208557,0.8631275296211243,,
,,,,,,,,,,375,1503,,,,,0.683698296546936,0.81513512134552
,,,,,,,,,,375,1503,,,0.6305931210517883,0.8451817631721497,,
,,,,,,,,,,376,1507,,,,,0.6350364685058594,0.8356847167015076
,,,,,,,,,,376,1507,,,0.646722137928009,0.8304638862609863,,
,,,,,,,,,,377,1511,,,,,0.6155717968940735,0.8345058560371399
,,,,,,,,,,377,1511,,,0.6331945657730103,0.8532411456108093,,
,,,,,,,,,,378,1515,,,,,0.6423357725143433,0.8093658089637756
,,,,,,,,,,378,1515,,,0.6305931210517883,0.8504557013511658,,
,,,,,,,,,,379,1519,,,,,0.6715328693389893,0.8216819763183594
,,,,,,,,,,379,1519,,,0.6519250869750977,0.8283660411834717,,
,,,,,,,,,,380,1523,,,,,0.6472019553184509,0.8135601878166199
,,,,,,,,,,380,1523,,,0.6441206932067871,0.8326888084411621,,
,,,,,,,,,,381,1527,,,,,0.6472019553184509,0.8289380669593811
,,,,,,,,,,381,1527,,,0.6436004042625427,0.8224189877510071,,
,,,,,,,,,,382,1531,,,,,0.6180048584938049,0.8570080399513245
,,,,,,,,,,382,1531,,,0.614984393119812,0.8517486453056335,,
,,,,,,,,,,383,1532,,,,,0.6374695897102356,0.8423880934715271
,,,,,,,,,,383,1531,,,0.515625,1.0354877710342407,,
0.46875,0.7894737124443054,0.6521739363670349,0.9384615421295166,0.0,0.6379310488700867,0.8235294222831726,0.7017543911933899,0.2800000011920929,0.6481481194496155,384,1532,0.6513317227363586,0.8631629943847656,,,,
